ticket_id,title,description,category,priority,resolution,created_date,status,resolution_time_hours
INCW454L,Switch port failure on SW-ACCESS-02,Wireless users in [area] unable to maintain stable connections. Signal strength degraded.,Network,Critical,Corrected VLAN [vlan_id] configuration on SW-ACCESS-02. Inter-VLAN routing restored.,17-09-2025 10:36,Resolved,37
INCN713X,Switch port failure on SW-CORE-01,Wireless users in [area] unable to maintain stable connections. Signal strength degraded.,Network,Medium,Fixed DNS server configuration and cleared cache. Domain api.company.com resolution working normally.,28-10-2025 10:36,Closed,51
INCW678M,DHCP pool exhausted in [subnet],Wireless users in [area] unable to maintain stable connections. Signal strength degraded.,Network,Critical,Fixed DNS server configuration and cleared cache. Domain api.company.com resolution working normally.,26-07-2025 10:36,Resolved,22
INCD577G,DNS resolution failures for mail.company.com,Wireless users in [area] unable to maintain stable connections. Signal strength degraded.,Network,Critical,Implemented traffic shaping and upgraded [interface] bandwidth. Utilization reduced to 94%.,09-02-2026 10:36,Resolved,15
INCR132T,DHCP pool exhausted in [subnet],Wireless users in [area] unable to maintain stable connections. Signal strength degraded.,Network,Medium,Improved ventilation and cleaned equipment fans. Temperature normalized in Remote Site.,05-05-2025 10:36,Closed,62
INCP835A,Switch port failure on SW-MGMT-01,Wireless users in [area] unable to maintain stable connections. Signal strength degraded.,Network,Medium,Relocated wireless access point and adjusted antenna positioning. Signal strength improved in [area].,04-08-2025 10:36,Closed,53
INCW901I,VLAN configuration error on SW-CORE-01,Wireless users in [area] unable to maintain stable connections. Signal strength degraded.,Network,Medium,Replaced faulty port module on SW-CORE-01. All 47 devices reconnected successfully.,23-01-2026 10:36,Closed,11
INCP108N,VLAN configuration error on SW-DMZ-01,Wireless users in [area] unable to maintain stable connections. Signal strength degraded.,Network,Critical,Updated routing tables on [router]. Traffic now following optimal paths to [destination].,15-09-2025 10:36,Resolved,11
INCE695O,Disk space full on FILE-SRV-01,VM VM-WEB-01 requires migration due to host maintenance. Service window needed to prevent downtime.,Infrastructure,Low,Balanced storage load across arrays. Optimized IOPS distribution and added performance monitoring.,14-11-2025 10:36,Resolved,33
INCH860U,Server APP-SRV-03 not responding,VM VM-WEB-01 requires migration due to host maintenance. Service window needed to prevent downtime.,Infrastructure,Critical,Restored network connectivity. Updated routing tables and verified server accessibility.,09-03-2026 10:36,Resolved,7
INCT824D,Server down - PROD-WEB-01,VM VM-WEB-01 requires migration due to host maintenance. Service window needed to prevent downtime.,Infrastructure,Medium,Restored power to affected racks. Verified all systems operational and documented incident.,13-01-2026 10:36,Closed,12
INCW850U,Hardware failure detected on FILE-SRV-01,VM VM-WEB-01 requires migration due to host maintenance. Service window needed to prevent downtime.,Infrastructure,High,Scheduled maintenance window. Successfully migrated VM with zero data loss.,21-12-2025 10:36,Resolved,37
INCZ882D,Server APP-SRV-03 not responding,VM VM-TEST-01 requires migration due to host maintenance. Service window needed to prevent downtime.,Infrastructure,Critical,Balanced storage load across arrays. Optimized IOPS distribution and added performance monitoring.,04-07-2025 10:36,Closed,29
INCI549D,VM migration required for FILE-SRV-01,VM VM-TEST-01 requires migration due to host maintenance. Service window needed to prevent downtime.,Infrastructure,High,Cleaned up temporary files and logs. Implemented automated cleanup scripts and storage monitoring.,02-06-2025 10:36,Closed,47
INCM157F,Server down - DB-SERVER-02,VM VM-TEST-01 requires migration due to host maintenance. Service window needed to prevent downtime.,Infrastructure,High,Fixed backup script permissions. Re-ran backup job successfully and verified data integrity.,18-10-2025 10:36,Resolved,70
INCU427J,Storage array performance issues,VM VM-TEST-01 requires migration due to host maintenance. Service window needed to prevent downtime.,Infrastructure,Critical,Restarted application services. Investigated memory leak root cause and applied patches.,16-08-2025 10:36,Closed,51
INCH354Q,Memory leak detected on APP-SRV-03,VM VM-DB-01 requires migration due to host maintenance. Service window needed to prevent downtime.,Infrastructure,Medium,Fixed backup script permissions. Re-ran backup job successfully and verified data integrity.,20-12-2025 10:36,Resolved,52
INCI046B,Server FILE-SRV-01 not responding,VM VM-DB-01 requires migration due to host maintenance. Service window needed to prevent downtime.,Infrastructure,Medium,Replaced faulty hardware component. Ran full diagnostics and confirmed system stability.,28-10-2025 10:36,Resolved,59
INCW644A,Memory leak detected on APP-SRV-03,VM VM-DB-01 requires migration due to host maintenance. Service window needed to prevent downtime.,Infrastructure,High,Replaced faulty hardware component. Ran full diagnostics and confirmed system stability.,01-06-2025 10:36,Resolved,68
INCR956D,Backup failed for MAIL-SRV-02,VM VM-DB-01 requires migration due to host maintenance. Service window needed to prevent downtime.,Infrastructure,Critical,Replaced faulty hardware component. Ran full diagnostics and confirmed system stability.,03-07-2025 10:36,Closed,51
INCS414W,Storage array performance issues,VM VM-DB-01 requires migration due to host maintenance. Service window needed to prevent downtime.,Infrastructure,Critical,Restarted File Service service and verified functionality. Implemented monitoring alerts for early detection.,20-08-2025 10:36,Resolved,39
INCL370M,VM migration required for FILE-SRV-01,VM VM-DB-01 requires migration due to host maintenance. Service window needed to prevent downtime.,Infrastructure,Low,Scheduled maintenance window. Successfully migrated VM with zero data loss.,01-12-2025 10:36,Resolved,58
INCG756P,Server down - DB-SERVER-02,VM VM-APP-01 requires migration due to host maintenance. Service window needed to prevent downtime.,Infrastructure,Critical,Restarted Mail Service service and verified functionality. Implemented monitoring alerts for early detection.,02-10-2025 10:36,Closed,23
INCT417I,Routing table corruption on [router],VLAN [vlan_id] misconfigured on SW-MGMT-01. Inter-VLAN communication broken.,Network,Low,Expanded DHCP pool range for subnet [subnet]. Additional 6 IP addresses available.,23-03-2025 10:36,Resolved,1
INCS247W,Network equipment overheating in Building B,VLAN [vlan_id] misconfigured on SW-MGMT-01. Inter-VLAN communication broken.,Network,Critical,Optimized QoS settings and upgraded interface capacity. Latency reduced to 888ms.,03-07-2025 10:36,Resolved,58
INCI517P,Network connectivity issues in Remote Site,VLAN [vlan_id] misconfigured on SW-DMZ-01. Inter-VLAN communication broken.,Network,Critical,Expanded DHCP pool range for subnet [subnet]. Additional 6 IP addresses available.,30-09-2025 10:36,Resolved,9
INCE131V,Wireless connectivity issues in [area],VLAN [vlan_id] misconfigured on SW-DMZ-01. Inter-VLAN communication broken.,Network,Critical,Improved ventilation and cleaned equipment fans. Temperature normalized in Branch Office.,24-03-2025 10:36,Closed,63
INCE025B,DNS resolution failures for mail.company.com,VLAN [vlan_id] misconfigured on SW-DMZ-01. Inter-VLAN communication broken.,Network,High,Optimized QoS settings and upgraded interface capacity. Latency reduced to 503ms.,13-05-2025 10:36,Closed,27
INCO901W,Routing table corruption on [router],VLAN [vlan_id] misconfigured on SW-CORE-01. Inter-VLAN communication broken.,Network,Low,Corrected VLAN [vlan_id] configuration on SW-CORE-01. Inter-VLAN routing restored.,07-12-2025 10:36,Closed,19
INCR519Z,Switch port failure on SW-CORE-01,VLAN [vlan_id] misconfigured on SW-CORE-01. Inter-VLAN communication broken.,Network,Medium,Identified faulty network cable and replaced. Connectivity restored to Building A with 0% packet loss.,11-02-2026 10:36,Resolved,56
INCO093V,High latency on network segment [segment],VLAN [vlan_id] misconfigured on SW-CORE-01. Inter-VLAN communication broken.,Network,Critical,Improved ventilation and cleaned equipment fans. Temperature normalized in Building B.,05-06-2025 10:36,Resolved,59
INCP538N,Bandwidth utilization high on [interface],VLAN [vlan_id] misconfigured on SW-CORE-01. Inter-VLAN communication broken.,Network,Medium,Optimized QoS settings and upgraded interface capacity. Latency reduced to 685ms.,08-02-2026 10:36,Closed,69
INCI118D,Wireless connectivity issues in [area],VLAN [vlan_id] misconfigured on SW-CORE-01. Inter-VLAN communication broken.,Network,High,Relocated wireless access point and adjusted antenna positioning. Signal strength improved in [area].,10-08-2025 10:36,Closed,22
INCE850N,Network connectivity issues in Building B,VLAN [vlan_id] misconfigured on SW-CORE-01. Inter-VLAN communication broken.,Network,High,Relocated wireless access point and adjusted antenna positioning. Signal strength improved in [area].,02-02-2026 10:36,Closed,4
INCE335T,Switch port failure on SW-ACCESS-02,VLAN [vlan_id] misconfigured on SW-CORE-01. Inter-VLAN communication broken.,Network,Low,Replaced faulty port module on SW-CORE-01. All 37 devices reconnected successfully.,26-01-2026 10:36,Resolved,65
INCG785E,Switch port failure on SW-CORE-01,VLAN [vlan_id] misconfigured on SW-CORE-01. Inter-VLAN communication broken.,Network,Critical,Updated routing tables on [router]. Traffic now following optimal paths to [destination].,13-03-2026 10:36,Closed,37
INCE805R,DNS resolution failures for api.company.com,VLAN [vlan_id] misconfigured on SW-ACCESS-02. Inter-VLAN communication broken.,Network,High,Expanded DHCP pool range for subnet [subnet]. Additional 13 IP addresses available.,21-09-2025 10:36,Resolved,54
INCC661V,DHCP pool exhausted in [subnet],VLAN [vlan_id] misconfigured on SW-ACCESS-02. Inter-VLAN communication broken.,Network,High,Improved ventilation and cleaned equipment fans. Temperature normalized in Building A.,04-01-2026 10:36,Closed,45
INCY648W,Switch port failure on SW-DMZ-01,VLAN [vlan_id] misconfigured on SW-ACCESS-02. Inter-VLAN communication broken.,Network,High,Optimized QoS settings and upgraded interface capacity. Latency reduced to 729ms.,23-04-2025 10:36,Closed,5
INCO452O,DNS resolution failures for app.company.com,VLAN [vlan_id] misconfigured on SW-ACCESS-02. Inter-VLAN communication broken.,Network,Low,Updated routing tables on [router]. Traffic now following optimal paths to [destination].,07-11-2025 10:36,Resolved,38
INCF987J,Integration failure between HRMS and Mail Service,Users reporting [error_type] errors in SharePoint. Error occurs during [operation]. Multiple users affected.,Application,Critical,Reconfigured integration settings. Data exchange between CRM and Database Service restored.,01-01-2026 10:36,Resolved,63
INCJ472O,Jira application error - [error_type],Users reporting [error_type] errors in SharePoint. Error occurs during [operation]. Multiple users affected.,Application,Critical,Reconfigured integration settings. Data exchange between HRMS and File Service restored.,14-12-2025 10:36,Closed,68
INCW487U,Data sync issues in Salesforce,Users reporting [error_type] errors in SharePoint. Error occurs during [operation]. Multiple users affected.,Application,Medium,Restarted database connection pool. Fixed connection string configuration and verified connectivity.,06-09-2025 10:36,Resolved,1
INCM611Q,Feature not working in ERP,Users reporting [error_type] errors in Salesforce. Error occurs during [operation]. Multiple users affected.,Application,Medium,Increased API timeout values and optimized service calls. API response times now within acceptable range.,22-12-2025 10:36,Closed,61
INCG714H,Performance issues with Salesforce,Users reporting [error_type] errors in Jira. Error occurs during [operation]. Multiple users affected.,Application,Low,Increased API timeout values and optimized service calls. API response times now within acceptable range.,05-02-2026 10:36,Resolved,48
INCN907U,CRM deployment failed,Users reporting [error_type] errors in Jira. Error occurs during [operation]. Multiple users affected.,Application,Critical,Reconfigured integration settings. Data exchange between Jira and Database Service restored.,28-11-2025 10:36,Closed,26
INCL117Y,Feature not working in Jira,Users reporting [error_type] errors in Jira. Error occurs during [operation]. Multiple users affected.,Application,Low,Resolved sync failure by fixing database schema mismatch. Updated mapping configuration and reprocessed failed records. Data consistency verified.,23-11-2025 10:36,Resolved,38
INCL478Z,Feature not working in HRMS,Users reporting [error_type] errors in Jenkins. Error occurs during [operation]. Multiple users affected.,Application,Critical,Updated CSS files and cleared browser cache. UI now rendering correctly across all browsers.,03-05-2025 10:36,Resolved,64
INCH663C,Jira database connection failed,Users reporting [error_type] errors in HRMS. Error occurs during [operation]. Multiple users affected.,Application,Medium,Fixed data sync by resolving authentication token expiration issue. Renewed service credentials and restarted integration. Implemented automatic token refresh.,22-12-2025 10:36,Resolved,71
INCB808U,HRMS database connection failed,Users reporting [error_type] errors in HRMS. Error occurs during [operation]. Multiple users affected.,Application,High,Restarted database connection pool. Fixed connection string configuration and verified connectivity.,21-12-2025 10:36,Resolved,48
INCO549D,Performance issues with Jenkins,Users reporting [error_type] errors in ERP. Error occurs during [operation]. Multiple users affected.,Application,High,Applied application patch to fix [feature] functionality. Feature now working as expected.,10-05-2025 10:36,Closed,62
INCP871K,ERP UI rendering problems,Users reporting [error_type] errors in ERP. Error occurs during [operation]. Multiple users affected.,Application,Low,Applied application patch to fix [feature] functionality. Feature now working as expected.,02-07-2025 10:36,Closed,13
INCV962M,Performance issues with ERP,Users reporting [error_type] errors in ERP. Error occurs during [operation]. Multiple users affected.,Application,Low,Restarted database connection pool. Fixed connection string configuration and verified connectivity.,08-05-2025 10:36,Closed,59
INCD454F,Integration failure between Jenkins and Database Service,Users reporting [error_type] errors in ERP. Error occurs during [operation]. Multiple users affected.,Application,High,Restarted database connection pool. Fixed connection string configuration and verified connectivity.,18-12-2025 10:36,Resolved,69
INCW880O,CRM UI rendering problems,Users reporting [error_type] errors in ERP. Error occurs during [operation]. Multiple users affected.,Application,Critical,Updated CSS files and cleared browser cache. UI now rendering correctly across all browsers.,01-08-2025 10:36,Closed,41
INCP249O,API timeout in Confluence,Users reporting [error_type] errors in ERP. Error occurs during [operation]. Multiple users affected.,Application,Low,Updated CSS files and cleared browser cache. UI now rendering correctly across all browsers.,06-09-2025 10:36,Resolved,26
INCS274K,Feature not working in Confluence,Users reporting [error_type] errors in CRM. Error occurs during [operation]. Multiple users affected.,Application,High,Investigated deployment pipeline. Fixed configuration issue and successfully deployed version [version].,27-04-2025 10:36,Resolved,55
INCT691U,Data sync issues in Jira,Users reporting [error_type] errors in CRM. Error occurs during [operation]. Multiple users affected.,Application,Critical,Reset user credentials and cleared authentication cache. User successfully logged in.,06-04-2025 10:36,Resolved,35
INCQ616A,Confluence database connection failed,Users reporting [error_type] errors in Confluence. Error occurs during [operation]. Multiple users affected.,Application,Low,Optimized database queries and application caching. Performance improved by 22%.,21-06-2025 10:36,Closed,65
INCE778L,Feature not working in Jira,Users reporting [error_type] errors in Confluence. Error occurs during [operation]. Multiple users affected.,Application,High,Restarted database connection pool. Fixed connection string configuration and verified connectivity.,03-10-2025 10:36,Resolved,68
INCG686I,VLAN configuration error on SW-ACCESS-02,Users in Remote Site experiencing intermittent connectivity. Packet loss at 95% detected.,Network,Critical,Relocated wireless access point and adjusted antenna positioning. Signal strength improved in [area].,17-09-2025 10:36,Closed,3
INCV648T,Routing table corruption on [router],Users in Remote Site experiencing intermittent connectivity. Packet loss at 85% detected.,Network,Low,Optimized QoS settings and upgraded interface capacity. Latency reduced to 668ms.,18-11-2025 10:36,Resolved,23
INCG927Y,DNS resolution failures for app.company.com,Users in Remote Site experiencing intermittent connectivity. Packet loss at 78% detected.,Network,Medium,Relocated wireless access point and adjusted antenna positioning. Signal strength improved in [area].,12-06-2025 10:36,Resolved,44
INCO239R,Network connectivity issues in Remote Site,Users in Remote Site experiencing intermittent connectivity. Packet loss at 77% detected.,Network,High,Fixed DNS server configuration and cleared cache. Domain company.com resolution working normally.,19-08-2025 10:36,Resolved,41
INCM281A,Network connectivity issues in Building A,Users in Remote Site experiencing intermittent connectivity. Packet loss at 72% detected.,Network,Medium,Updated routing tables on [router]. Traffic now following optimal paths to [destination].,08-06-2025 10:36,Resolved,50
INCI744L,Bandwidth utilization high on [interface],Users in Data Center experiencing intermittent connectivity. Packet loss at 92% detected.,Network,High,Expanded DHCP pool range for subnet [subnet]. Additional 19 IP addresses available.,28-09-2025 10:36,Resolved,51
INCN194D,Network equipment overheating in Data Center,Users in Data Center experiencing intermittent connectivity. Packet loss at 86% detected.,Network,High,Relocated wireless access point and adjusted antenna positioning. Signal strength improved in [area].,12-12-2025 10:36,Closed,23
INCV639X,Bandwidth utilization high on [interface],Users in Building B experiencing intermittent connectivity. Packet loss at 88% detected.,Network,Low,Identified faulty network cable and replaced. Connectivity restored to Building B with 0% packet loss.,15-04-2025 10:36,Closed,8
INCU075O,Bandwidth utilization high on [interface],Users in Building B experiencing intermittent connectivity. Packet loss at 78% detected.,Network,High,Fixed DNS server configuration and cleared cache. Domain mail.company.com resolution working normally.,31-07-2025 10:36,Resolved,3
INCR417C,Bandwidth utilization high on [interface],Users in Building B experiencing intermittent connectivity. Packet loss at 78% detected.,Network,Medium,Updated routing tables on [router]. Traffic now following optimal paths to [destination].,23-02-2026 10:36,Closed,45
INCL381J,Network connectivity issues in Building B,Users in Building A experiencing intermittent connectivity. Packet loss at 77% detected.,Network,High,Corrected VLAN [vlan_id] configuration on SW-CORE-01. Inter-VLAN routing restored.,23-05-2025 10:36,Closed,40
INCW306A,Network connectivity issues in Branch Office,Users in Branch Office experiencing intermittent connectivity. Packet loss at 90% detected.,Network,Low,Optimized QoS settings and upgraded interface capacity. Latency reduced to 732ms.,08-08-2025 10:36,Resolved,36
INCV475W,DHCP pool exhausted in [subnet],Users in Branch Office experiencing intermittent connectivity. Packet loss at 85% detected.,Network,Critical,Fixed DNS server configuration and cleared cache. Domain company.com resolution working normally.,02-08-2025 10:36,Closed,6
INCU114A,Routing table corruption on [router],Users in Branch Office experiencing intermittent connectivity. Packet loss at 85% detected.,Network,Medium,Relocated wireless access point and adjusted antenna positioning. Signal strength improved in [area].,11-12-2025 10:36,Closed,44
INCL629N,Routing table corruption on [router],Users in Branch Office experiencing intermittent connectivity. Packet loss at 83% detected.,Network,High,Expanded DHCP pool range for subnet [subnet]. Additional 9 IP addresses available.,22-10-2025 10:36,Closed,51
INCC087X,Switch port failure on SW-DMZ-01,Users in Branch Office experiencing intermittent connectivity. Packet loss at 77% detected.,Network,Medium,Identified faulty network cable and replaced. Connectivity restored to Building B with 0% packet loss.,16-10-2025 10:36,Closed,68
INCU979J,Jenkins deployment failed,User sarah.johnson unable to authenticate to Salesforce. Password reset attempts failing. Access required urgently.,Application,Critical,Reset user credentials and cleared authentication cache. User successfully logged in.,03-01-2026 10:36,Resolved,42
INCU175R,ERP UI rendering problems,User sarah.johnson unable to authenticate to Jira. Password reset attempts failing. Access required urgently.,Application,High,Resolved data sync issue by restarting the integration service and clearing the sync queue. Verified all user records are properly synchronized. Implemented monitoring to prevent future failures.,14-12-2025 10:36,Closed,64
INCZ698K,Integration failure between Jira and Web Service,User sarah.johnson unable to authenticate to Jira. Password reset attempts failing. Access required urgently.,Application,High,Resolved sync problem by updating integration middleware version. Applied compatibility patches and verified all data flows. System operating normally.,30-05-2025 10:36,Resolved,35
INCJ589V,API timeout in Salesforce,User sarah.johnson unable to authenticate to Jenkins. Password reset attempts failing. Access required urgently.,Application,High,Applied application patch to fix [feature] functionality. Feature now working as expected.,24-09-2025 10:36,Resolved,7
INCB570H,User access request for Active Directory,User sarah.johnson requesting MFA setup for enhanced security. Device: [device_type].,Access Management,High,Completed privileged account audit. 24 findings documented and remediation planned.,16-09-2025 10:36,Closed,27
INCK872V,Multi-factor authentication setup,User sarah.johnson requesting MFA setup for enhanced security. Device: [device_type].,Access Management,Critical,Completed privileged account audit. 35 findings documented and remediation planned.,05-08-2025 10:36,Closed,61
INCE161Y,Service account password reset,User sarah.johnson requesting MFA setup for enhanced security. Device: [device_type].,Access Management,High,Completed role-based access review for [department]. 38 access changes implemented.,17-06-2025 10:36,Resolved,9
INCC128K,Permission escalation required for mike.wilson,User sarah.johnson requesting MFA setup for enhanced security. Device: [device_type].,Access Management,High,Configured MFA for john.doe using [device_type]. Authentication testing successful.,02-06-2025 10:36,Resolved,7
INCO884X,Privileged account audit request,User sarah.johnson requesting MFA setup for enhanced security. Device: [device_type].,Access Management,Critical,Fixed SSO configuration for AWS Console. Identity provider integration restored successfully.,04-09-2025 10:36,Closed,14
INCJ564A,Privileged account audit request,User sarah.johnson requesting MFA setup for enhanced security. Device: [device_type].,Access Management,High,Fixed SSO configuration for Oracle EBS. Identity provider integration restored successfully.,14-11-2025 10:36,Closed,38
INCH861D,User access request for AWS Console,User sarah.johnson requesting MFA setup for enhanced security. Device: [device_type].,Access Management,Low,Fixed SSO configuration for SAP. Identity provider integration restored successfully.,04-02-2026 10:36,Closed,16
INCM882X,Access revocation for terminated employee,User sarah.johnson requesting MFA setup for enhanced security. Device: [device_type].,Access Management,High,Fixed SSO configuration for SAP. Identity provider integration restored successfully.,28-03-2025 10:36,Resolved,6
INCJ293G,Role-based access review required,User sarah.johnson requesting MFA setup for enhanced security. Device: [device_type].,Access Management,Low,Granted temporary elevated permissions to david.brown. Automatic revocation scheduled for [date].,05-04-2025 10:36,Resolved,4
INCG781F,Single sign-on configuration issue,User sarah.johnson requesting MFA setup for enhanced security. Device: [device_type].,Access Management,Low,Granted temporary elevated permissions to mike.wilson. Automatic revocation scheduled for [date].,20-07-2025 10:36,Closed,66
INCV868D,Account lockout for user sarah.johnson,User sarah.johnson requesting MFA setup for enhanced security. Device: [device_type].,Access Management,Medium,Granted temporary elevated permissions to sarah.johnson. Automatic revocation scheduled for [date].,24-11-2025 10:36,Closed,3
INCK792E,Suspicious login attempts detected,User sarah.johnson reported suspicious email with attachment. Potential phishing attempt. Investigation needed.,Security,High,Applied critical security patch for CVE-[cve_id]. System vulnerability resolved and verified.,31-07-2025 10:36,Resolved,66
INCK956Z,Suspicious login attempts detected,User sarah.johnson reported suspicious email with attachment. Potential phishing attempt. Investigation needed.,Security,Critical,Confirmed phishing attempt. Blocked sender and updated email filters. User security training scheduled.,29-07-2025 10:36,Closed,17
INCZ807H,VPN connection issues for remote users,User sarah.johnson reported suspicious email with attachment. Potential phishing attempt. Investigation needed.,Security,Medium,Fixed antivirus update service and deployed latest definitions to all 27 workstations.,09-03-2026 10:36,Resolved,13
INCH105E,Suspicious login attempts detected,User sarah.johnson reported suspicious email with attachment. Potential phishing attempt. Investigation needed.,Security,Critical,Renewed SSL certificate for app.company.com. Certificate installed and verified across all services.,29-09-2025 10:36,Closed,29
INCK122A,Security patch deployment required,User sarah.johnson reported suspicious email with attachment. Potential phishing attempt. Investigation needed.,Security,Critical,Renewed SSL certificate for company.com. Certificate installed and verified across all services.,10-01-2026 10:36,Resolved,40
INCM099L,Antivirus signature update failed,User sarah.johnson reported suspicious email with attachment. Potential phishing attempt. Investigation needed.,Security,Low,Renewed SSL certificate for company.com. Certificate installed and verified across all services.,10-03-2026 10:36,Closed,34
INCW794O,Single sign-on configuration issue,User sarah.johnson account locked after 6 failed login attempts. Password reset requested.,Access Management,High,Revoked all access for terminated employee sarah.johnson. Access removal verified across all systems.,17-12-2025 10:36,Closed,65
INCT670K,SharePoint application error - [error_type],User mike.wilson unable to authenticate to SharePoint. Password reset attempts failing. Access required urgently.,Application,High,Reset user credentials and cleared authentication cache. User successfully logged in.,17-01-2026 10:36,Closed,20
INCP224I,Data sync issues in HRMS,User mike.wilson unable to authenticate to Confluence. Password reset attempts failing. Access required urgently.,Application,Low,Investigated deployment pipeline. Fixed configuration issue and successfully deployed version [version].,08-02-2026 10:36,Closed,49
INCF174F,Account lockout for user jane.smith,User mike.wilson requesting MFA setup for enhanced security. Device: [device_type].,Access Management,Medium,Completed [group_name] membership review. Removed 24 inactive members.,18-11-2025 10:36,Resolved,59
INCJ456T,Access revocation for terminated employee,User mike.wilson requesting MFA setup for enhanced security. Device: [device_type].,Access Management,Medium,Completed privileged account audit. 10 findings documented and remediation planned.,27-04-2025 10:36,Resolved,2
INCM347F,Account lockout for user david.brown,User mike.wilson requesting MFA setup for enhanced security. Device: [device_type].,Access Management,Medium,Configured MFA for david.brown using [device_type]. Authentication testing successful.,18-10-2025 10:36,Resolved,5
INCS601A,Service account password reset,User mike.wilson requesting MFA setup for enhanced security. Device: [device_type].,Access Management,Critical,Configured MFA for jane.smith using [device_type]. Authentication testing successful.,27-09-2025 10:36,Closed,19
INCK284E,Firewall rule review required,User mike.wilson reported suspicious email with attachment. Potential phishing attempt. Investigation needed.,Security,Medium,Disabled compromised account 19 and initiated password reset. Access logs reviewed.,15-03-2026 10:36,Resolved,31
INCU558J,Antivirus signature update failed,User mike.wilson reported suspicious email with attachment. Potential phishing attempt. Investigation needed.,Security,High,Removed malware and ran full system scan. Workstation cleaned and monitoring enhanced.,28-09-2025 10:36,Closed,2
INCQ407R,Malware detected on workstation WS-001,User mike.wilson reported suspicious email with attachment. Potential phishing attempt. Investigation needed.,Security,Critical,Renewed SSL certificate for company.com. Certificate installed and verified across all services.,01-08-2025 10:36,Closed,2
INCX101Y,SSL certificate expiring for mail.company.com,User mike.wilson reported suspicious email with attachment. Potential phishing attempt. Investigation needed.,Security,High,Renewed SSL certificate for mail.company.com. Certificate installed and verified across all services.,01-02-2026 10:36,Resolved,39
INCV741V,Permission escalation required for john.doe,User mike.wilson needs temporary elevated permissions for SAP. Duration: 5 days.,Access Management,Medium,Completed privileged account audit. 24 findings documented and remediation planned.,15-10-2025 10:36,Closed,52
INCQ623G,Role-based access review required,User mike.wilson needs temporary elevated permissions for SAP. Duration: 4 days.,Access Management,Critical,Configured MFA for david.brown using [device_type]. Authentication testing successful.,09-07-2025 10:36,Closed,16
INCT471W,User access request for SAP,User mike.wilson needs temporary elevated permissions for SAP. Duration: 2 days.,Access Management,Critical,Completed role-based access review for [department]. 41 access changes implemented.,10-01-2026 10:36,Resolved,47
INCS390U,Role-based access review required,User mike.wilson needs temporary elevated permissions for Active Directory. Duration: 7 days.,Access Management,Medium,Completed role-based access review for [department]. 20 access changes implemented.,04-01-2026 10:36,Closed,10
INCL650O,Privileged account audit request,User mike.wilson account locked after 5 failed login attempts. Password reset requested.,Access Management,Low,Granted temporary elevated permissions to david.brown. Automatic revocation scheduled for [date].,28-11-2025 10:36,Closed,51
INCW464I,Feature not working in ERP,User john.doe unable to authenticate to SharePoint. Password reset attempts failing. Access required urgently.,Application,High,Applied application patch to fix [feature] functionality. Feature now working as expected.,27-10-2025 10:36,Closed,14
INCP227G,Jenkins database connection failed,User john.doe unable to authenticate to SharePoint. Password reset attempts failing. Access required urgently.,Application,Critical,Updated CSS files and cleared browser cache. UI now rendering correctly across all browsers.,12-07-2025 10:36,Closed,34
INCZ718D,Performance issues with Confluence,User john.doe unable to authenticate to Jira. Password reset attempts failing. Access required urgently.,Application,High,Restarted database connection pool. Fixed connection string configuration and verified connectivity.,29-09-2025 10:36,Closed,71
INCU505O,Jenkins UI rendering problems,User john.doe unable to authenticate to CRM. Password reset attempts failing. Access required urgently.,Application,High,Fixed synchronization by resolving memory overflow in sync service. Optimized memory usage and increased allocated resources. System stable.,23-08-2025 10:36,Closed,21
INCA209J,Jira deployment failed,User john.doe unable to authenticate to CRM. Password reset attempts failing. Access required urgently.,Application,Medium,Investigated deployment pipeline. Fixed configuration issue and successfully deployed version [version].,09-10-2025 10:36,Closed,70
INCZ484Z,Access revocation for terminated employee,User john.doe requesting MFA setup for enhanced security. Device: [device_type].,Access Management,Low,Completed privileged account audit. 46 findings documented and remediation planned.,25-11-2025 10:36,Resolved,21
INCE484V,Access revocation for terminated employee,User john.doe requesting MFA setup for enhanced security. Device: [device_type].,Access Management,Medium,Granted sarah.johnson appropriate access to AWS Console based on role [role]. Manager approval verified.,14-08-2025 10:36,Closed,59
INCK961A,Service account password reset,User john.doe requesting MFA setup for enhanced security. Device: [device_type].,Access Management,Critical,Unlocked account for john.doe after identity verification. Password reset completed successfully.,31-07-2025 10:36,Resolved,14
INCV800O,Unauthorized access attempt on AWS Console,User john.doe reported suspicious email with attachment. Potential phishing attempt. Investigation needed.,Security,Critical,Blocked IP address [ip_address] and implemented account lockout policy. User account secured.,06-06-2025 10:36,Resolved,13
INCY567G,VPN connection issues for remote users,User john.doe reported suspicious email with attachment. Potential phishing attempt. Investigation needed.,Security,Medium,Disabled compromised account 29 and initiated password reset. Access logs reviewed.,03-01-2026 10:36,Resolved,13
INCO064D,VPN connection issues for remote users,User john.doe reported suspicious email with attachment. Potential phishing attempt. Investigation needed.,Security,Low,Removed malware and ran full system scan. Workstation cleaned and monitoring enhanced.,24-03-2025 10:36,Resolved,55
INCC563R,Service account password reset,User john.doe needs temporary elevated permissions for Oracle EBS. Duration: 5 days.,Access Management,Medium,Reset service account 7 password. Updated [dependent_services] service configurations.,18-02-2026 10:36,Closed,26
INCW498E,Service account password reset,User john.doe needs temporary elevated permissions for Active Directory. Duration: 6 days.,Access Management,Medium,Unlocked account for sarah.johnson after identity verification. Password reset completed successfully.,01-01-2026 10:36,Closed,1
INCX158N,User access request for AWS Console,User john.doe needs temporary elevated permissions for Active Directory. Duration: 5 days.,Access Management,High,Revoked all access for terminated employee jane.smith. Access removal verified across all systems.,24-12-2025 10:36,Closed,33
INCU452Y,Service account password reset,User john.doe account locked after 7 failed login attempts. Password reset requested.,Access Management,Low,Revoked all access for terminated employee david.brown. Access removal verified across all systems.,01-01-2026 10:36,Resolved,62
INCY420B,Role-based access review required,User john.doe account locked after 6 failed login attempts. Password reset requested.,Access Management,High,Reset service account 50 password. Updated [dependent_services] service configurations.,12-08-2025 10:36,Resolved,54
INCB634C,Privileged account audit request,User john.doe account locked after 5 failed login attempts. Password reset requested.,Access Management,Low,Fixed SSO configuration for Office 365. Identity provider integration restored successfully.,22-05-2025 10:36,Resolved,21
INCZ476J,Privileged account audit request,User john.doe account locked after 5 failed login attempts. Password reset requested.,Access Management,High,Granted david.brown appropriate access to AWS Console based on role [role]. Manager approval verified.,17-03-2026 10:36,Closed,52
INCK972Y,Jira UI rendering problems,User jane.smith unable to authenticate to Jira. Password reset attempts failing. Access required urgently.,Application,Low,Reset user credentials and cleared authentication cache. User successfully logged in.,02-06-2025 10:36,Resolved,21
INCH726F,Performance issues with ERP,User jane.smith unable to authenticate to Jenkins. Password reset attempts failing. Access required urgently.,Application,High,Optimized database queries and application caching. Performance improved by 47%.,21-12-2025 10:36,Closed,53
INCV355W,Single sign-on configuration issue,User jane.smith requesting MFA setup for enhanced security. Device: [device_type].,Access Management,High,Configured MFA for david.brown using [device_type]. Authentication testing successful.,20-06-2025 10:36,Closed,26
INCL319X,Permission escalation required for john.doe,User jane.smith requesting MFA setup for enhanced security. Device: [device_type].,Access Management,Critical,Revoked all access for terminated employee sarah.johnson. Access removal verified across all systems.,13-05-2025 10:36,Resolved,2
INCP259B,SSL certificate expiring for company.com,User jane.smith reported suspicious email with attachment. Potential phishing attempt. Investigation needed.,Security,High,Confirmed phishing attempt. Blocked sender and updated email filters. User security training scheduled.,19-04-2025 10:36,Closed,7
INCK175Z,Malware detected on workstation WS-004,User jane.smith reported suspicious email with attachment. Potential phishing attempt. Investigation needed.,Security,High,Restarted VPN authentication services. All remote users now able to connect successfully.,11-08-2025 10:36,Closed,10
INCS577V,Access revocation for terminated employee,User jane.smith needs temporary elevated permissions for SAP. Duration: 2 days.,Access Management,Low,Completed [group_name] membership review. Removed 23 inactive members.,18-03-2026 10:36,Closed,36
INCF714N,Single sign-on configuration issue,User jane.smith needs temporary elevated permissions for AWS Console. Duration: 6 days.,Access Management,Medium,Configured MFA for sarah.johnson using [device_type]. Authentication testing successful.,09-02-2026 10:36,Closed,33
INCR551I,Single sign-on configuration issue,User jane.smith needs temporary elevated permissions for AWS Console. Duration: 3 days.,Access Management,Medium,Reset service account 10 password. Updated [dependent_services] service configurations.,02-02-2026 10:36,Closed,47
INCG454O,Privileged account audit request,User jane.smith account locked after 8 failed login attempts. Password reset requested.,Access Management,Low,Configured MFA for mike.wilson using [device_type]. Authentication testing successful.,30-12-2025 10:36,Resolved,66
INCP566Q,Single sign-on configuration issue,User jane.smith account locked after 8 failed login attempts. Password reset requested.,Access Management,Medium,Reset service account 11 password. Updated [dependent_services] service configurations.,02-02-2026 10:36,Closed,51
INCG077S,Group membership review for [group_name],User jane.smith account locked after 8 failed login attempts. Password reset requested.,Access Management,Low,Unlocked account for jane.smith after identity verification. Password reset completed successfully.,02-12-2025 10:36,Resolved,63
INCK154O,Role-based access review required,User jane.smith account locked after 8 failed login attempts. Password reset requested.,Access Management,Medium,Unlocked account for john.doe after identity verification. Password reset completed successfully.,04-12-2025 10:36,Resolved,30
INCZ044X,Multi-factor authentication setup,User jane.smith account locked after 3 failed login attempts. Password reset requested.,Access Management,Low,Revoked all access for terminated employee sarah.johnson. Access removal verified across all systems.,20-03-2025 10:36,Closed,26
INCR655S,Salesforce database connection failed,User david.brown unable to authenticate to Salesforce. Password reset attempts failing. Access required urgently.,Application,Critical,Optimized database queries and application caching. Performance improved by 28%.,22-05-2025 10:36,Closed,35
INCK072Q,Data sync issues in HRMS,User david.brown unable to authenticate to Jenkins. Password reset attempts failing. Access required urgently.,Application,Critical,Fixed [error_type] by updating application configuration. Deployed hotfix and verified error resolution.,27-08-2025 10:36,Resolved,23
INCM990Z,Feature not working in Confluence,User david.brown unable to authenticate to HRMS. Password reset attempts failing. Access required urgently.,Application,Low,Resolved synchronization issue by fixing network latency problems between systems. Updated sync configuration for better performance. All records now in sync.,06-11-2025 10:36,Resolved,65
INCE237O,User unable to login to Salesforce,User david.brown unable to authenticate to CRM. Password reset attempts failing. Access required urgently.,Application,Low,Restarted database connection pool. Fixed connection string configuration and verified connectivity.,20-10-2025 10:36,Closed,22
INCD592A,Service account password reset,User david.brown requesting MFA setup for enhanced security. Device: [device_type].,Access Management,Critical,Completed [group_name] membership review. Removed 20 inactive members.,28-07-2025 10:36,Closed,3
INCD841C,Single sign-on configuration issue,User david.brown requesting MFA setup for enhanced security. Device: [device_type].,Access Management,Critical,Completed [group_name] membership review. Removed 6 inactive members.,03-06-2025 10:36,Resolved,31
INCR337V,Privileged account audit request,User david.brown requesting MFA setup for enhanced security. Device: [device_type].,Access Management,Low,Configured MFA for david.brown using [device_type]. Authentication testing successful.,19-07-2025 10:36,Resolved,65
INCP124A,Multi-factor authentication setup,User david.brown requesting MFA setup for enhanced security. Device: [device_type].,Access Management,Low,Configured MFA for sarah.johnson using [device_type]. Authentication testing successful.,02-01-2026 10:36,Resolved,53
INCB410B,Role-based access review required,User david.brown requesting MFA setup for enhanced security. Device: [device_type].,Access Management,Low,Granted mike.wilson appropriate access to Office 365 based on role [role]. Manager approval verified.,03-08-2025 10:36,Closed,69
INCL519C,Security patch deployment required,User david.brown reported suspicious email with attachment. Potential phishing attempt. Investigation needed.,Security,Critical,Confirmed phishing attempt. Blocked sender and updated email filters. User security training scheduled.,05-07-2025 10:36,Closed,1
INCM395V,Antivirus signature update failed,User david.brown reported suspicious email with attachment. Potential phishing attempt. Investigation needed.,Security,Critical,Confirmed phishing attempt. Blocked sender and updated email filters. User security training scheduled.,21-06-2025 10:36,Resolved,58
INCJ723J,Permission escalation required for john.doe,User david.brown needs temporary elevated permissions for SAP. Duration: 5 days.,Access Management,Medium,Granted mike.wilson appropriate access to Oracle EBS based on role [role]. Manager approval verified.,18-06-2025 10:36,Resolved,71
INCB600R,Account lockout for user sarah.johnson,User david.brown needs temporary elevated permissions for SAP. Duration: 2 days.,Access Management,Low,Completed role-based access review for [department]. 33 access changes implemented.,10-08-2025 10:36,Resolved,64
INCN804S,Role-based access review required,User david.brown needs temporary elevated permissions for Oracle EBS. Duration: 5 days.,Access Management,Critical,Granted temporary elevated permissions to john.doe. Automatic revocation scheduled for [date].,27-06-2025 10:36,Closed,26
INCO425P,Single sign-on configuration issue,User david.brown needs temporary elevated permissions for Office 365. Duration: 4 days.,Access Management,Critical,Reset service account 38 password. Updated [dependent_services] service configurations.,06-02-2026 10:36,Closed,29
INCS367S,Access revocation for terminated employee,User david.brown account locked after 9 failed login attempts. Password reset requested.,Access Management,High,Completed [group_name] membership review. Removed 9 inactive members.,09-04-2025 10:36,Resolved,19
INCH395C,Privileged account audit request,User david.brown account locked after 6 failed login attempts. Password reset requested.,Access Management,High,Granted temporary elevated permissions to mike.wilson. Automatic revocation scheduled for [date].,02-09-2025 10:36,Closed,54
INCF594I,Multi-factor authentication setup,User david.brown account locked after 5 failed login attempts. Password reset requested.,Access Management,Low,Fixed SSO configuration for Active Directory. Identity provider integration restored successfully.,02-10-2025 10:36,Closed,3
INCZ404A,Service account password reset,User david.brown account locked after 5 failed login attempts. Password reset requested.,Access Management,Medium,Fixed SSO configuration for Oracle EBS. Identity provider integration restored successfully.,26-06-2025 10:36,Resolved,11
INCP708P,Privileged account audit request,User david.brown account locked after 4 failed login attempts. Password reset requested.,Access Management,Low,Completed role-based access review for [department]. 22 access changes implemented.,25-03-2025 10:36,Closed,30
INCA114C,Service account password reset,User david.brown account locked after 4 failed login attempts. Password reset requested.,Access Management,Medium,Fixed SSO configuration for AWS Console. Identity provider integration restored successfully.,21-04-2025 10:36,Resolved,49
INCJ549A,Group membership review for [group_name],User david.brown account locked after 3 failed login attempts. Password reset requested.,Access Management,Low,Completed [group_name] membership review. Removed 13 inactive members.,03-11-2025 10:36,Closed,33
INCQ271E,Service account password reset,User david.brown account locked after 3 failed login attempts. Password reset requested.,Access Management,High,Configured MFA for jane.smith using [device_type]. Authentication testing successful.,22-03-2025 10:36,Closed,13
INCH646V,Security patch deployment required,Unauthorized access attempt detected on SAP. User account 50 showing suspicious activity.,Security,Medium,Confirmed phishing attempt. Blocked sender and updated email filters. User security training scheduled.,04-07-2025 10:36,Resolved,63
INCO377V,Firewall rule review required,Unauthorized access attempt detected on SAP. User account 39 showing suspicious activity.,Security,High,Updated firewall rules to restrict [port] access to authorized sources only. Security posture improved.,15-03-2026 10:36,Closed,14
INCD790S,Unauthorized access attempt on Oracle EBS,Unauthorized access attempt detected on SAP. User account 14 showing suspicious activity.,Security,Critical,Fixed antivirus update service and deployed latest definitions to all 17 workstations.,01-09-2025 10:36,Resolved,38
INCJ912J,Data breach investigation required,Unauthorized access attempt detected on Office 365. User account 7 showing suspicious activity.,Security,Critical,Updated firewall rules to restrict [port] access to authorized sources only. Security posture improved.,03-01-2026 10:36,Resolved,16
INCU342C,Antivirus signature update failed,Unauthorized access attempt detected on Office 365. User account 5 showing suspicious activity.,Security,Medium,Contained potential breach. Conducted forensic analysis and implemented additional monitoring.,30-03-2025 10:36,Resolved,45
INCK622E,Phishing email reported by user,Unauthorized access attempt detected on Office 365. User account 14 showing suspicious activity.,Security,High,Disabled compromised account 46 and initiated password reset. Access logs reviewed.,19-03-2025 10:36,Resolved,3
INCQ273A,Phishing email reported by user,Unauthorized access attempt detected on AWS Console. User account 6 showing suspicious activity.,Security,Critical,Removed malware and ran full system scan. Workstation cleaned and monitoring enhanced.,21-07-2025 10:36,Closed,29
INCH141Q,Unauthorized access attempt on Active Directory,Unauthorized access attempt detected on AWS Console. User account 41 showing suspicious activity.,Security,High,Disabled compromised account 38 and initiated password reset. Access logs reviewed.,20-08-2025 10:36,Closed,13
INCY766Z,SSL certificate expiring for mail.company.com,Unauthorized access attempt detected on AWS Console. User account 30 showing suspicious activity.,Security,Critical,Disabled compromised account 29 and initiated password reset. Access logs reviewed.,22-09-2025 10:36,Closed,1
INCI220Y,SSL certificate expiring for company.com,Unauthorized access attempt detected on AWS Console. User account 23 showing suspicious activity.,Security,Critical,Removed malware and ran full system scan. Workstation cleaned and monitoring enhanced.,22-05-2025 10:36,Closed,50
INCE553I,Antivirus signature update failed,Unauthorized access attempt detected on AWS Console. User account 20 showing suspicious activity.,Security,High,Renewed SSL certificate for mail.company.com. Certificate installed and verified across all services.,28-09-2025 10:36,Closed,2
INCB881D,VPN connection issues for remote users,Unauthorized access attempt detected on AWS Console. User account 17 showing suspicious activity.,Security,Medium,Contained potential breach. Conducted forensic analysis and implemented additional monitoring.,10-09-2025 10:36,Resolved,54
INCM665C,Unauthorized access attempt on Office 365,Unauthorized access attempt detected on AWS Console. User account 17 showing suspicious activity.,Security,High,Updated firewall rules to restrict [port] access to authorized sources only. Security posture improved.,27-04-2025 10:36,Resolved,26
INCN706I,Antivirus signature update failed,Unauthorized access attempt detected on Active Directory. User account 30 showing suspicious activity.,Security,Medium,Applied critical security patch for CVE-[cve_id]. System vulnerability resolved and verified.,23-10-2025 10:36,Closed,66
INCD898I,User unable to login to Jenkins,UI components in Salesforce not rendering properly on [browser]. CSS/JavaScript conflicts suspected.,Application,Medium,Increased API timeout values and optimized service calls. API response times now within acceptable range.,10-02-2026 10:36,Closed,28
INCY261J,ERP application error - [error_type],UI components in Salesforce not rendering properly on [browser]. CSS/JavaScript conflicts suspected.,Application,High,Restarted database connection pool. Fixed connection string configuration and verified connectivity.,14-11-2025 10:36,Closed,30
INCL566J,Data sync issues in Jira,UI components in Jira not rendering properly on [browser]. CSS/JavaScript conflicts suspected.,Application,High,Applied application patch to fix [feature] functionality. Feature now working as expected.,31-03-2025 10:36,Closed,66
INCJ046H,Confluence UI rendering problems,UI components in Jira not rendering properly on [browser]. CSS/JavaScript conflicts suspected.,Application,High,Increased API timeout values and optimized service calls. API response times now within acceptable range.,18-08-2025 10:36,Closed,41
INCV736H,Data sync issues in Confluence,UI components in Jira not rendering properly on [browser]. CSS/JavaScript conflicts suspected.,Application,Low,Optimized database queries and application caching. Performance improved by 57%.,26-03-2025 10:36,Closed,62
INCD698R,Jenkins application error - [error_type],UI components in Jenkins not rendering properly on [browser]. CSS/JavaScript conflicts suspected.,Application,Low,Optimized database queries and application caching. Performance improved by 56%.,23-12-2025 10:36,Resolved,60
INCJ990U,Integration failure between Confluence and Web Service,UI components in Jenkins not rendering properly on [browser]. CSS/JavaScript conflicts suspected.,Application,High,Restarted database connection pool. Fixed connection string configuration and verified connectivity.,08-02-2026 10:36,Resolved,69
INCO334K,User unable to login to Jenkins,UI components in HRMS not rendering properly on [browser]. CSS/JavaScript conflicts suspected.,Application,Medium,Optimized database queries and application caching. Performance improved by 28%.,11-01-2026 10:36,Closed,18
INCT065M,API timeout in ERP,UI components in HRMS not rendering properly on [browser]. CSS/JavaScript conflicts suspected.,Application,Critical,Reset user credentials and cleared authentication cache. User successfully logged in.,12-06-2025 10:36,Closed,31
INCC444D,API timeout in Jenkins,UI components in ERP not rendering properly on [browser]. CSS/JavaScript conflicts suspected.,Application,Medium,Increased API timeout values and optimized service calls. API response times now within acceptable range.,19-11-2025 10:36,Closed,19
INCQ273Z,User unable to login to HRMS,UI components in ERP not rendering properly on [browser]. CSS/JavaScript conflicts suspected.,Application,Low,Investigated deployment pipeline. Fixed configuration issue and successfully deployed version [version].,11-02-2026 10:36,Resolved,43
INCI605B,ERP UI rendering problems,UI components in CRM not rendering properly on [browser]. CSS/JavaScript conflicts suspected.,Application,Medium,Reset user credentials and cleared authentication cache. User successfully logged in.,13-04-2025 10:36,Resolved,5
INCE298N,Performance issues with Jenkins,UI components in Confluence not rendering properly on [browser]. CSS/JavaScript conflicts suspected.,Application,High,Increased API timeout values and optimized service calls. API response times now within acceptable range.,19-04-2025 10:36,Resolved,23
INCY377F,Confluence application error - [error_type],UI components in Confluence not rendering properly on [browser]. CSS/JavaScript conflicts suspected.,Application,High,Optimized database queries and application caching. Performance improved by 55%.,20-06-2025 10:36,Resolved,15
INCX452R,Transaction log full in AnalyticsDB,Transaction log for ProductionDB at 76% capacity. Write operations may fail soon.,Database,Low,Added additional storage and configured automatic growth. Space monitoring alerts implemented.,07-09-2025 10:36,Closed,23
INCX598N,Query performance degradation on InventoryDB,Transaction log for ProductionDB at 73% capacity. Write operations may fail soon.,Database,High,Rebuilt fragmented indexes during maintenance window. Query performance restored to baseline.,18-09-2025 10:36,Resolved,14
INCQ567A,Index rebuild required for AnalyticsDB,Transaction log for InventoryDB at 93% capacity. Write operations may fail soon.,Database,Low,Optimized connection pool settings and restarted database services. Connection stability restored.,19-12-2025 10:36,Closed,12
INCH850C,Replication lag in UserDB cluster,Transaction log for InventoryDB at 75% capacity. Write operations may fail soon.,Database,High,Rebuilt fragmented indexes during maintenance window. Query performance restored to baseline.,26-03-2025 10:36,Resolved,54
INCT767E,Data corruption detected in AnalyticsDB,Transaction log for CustomerDB at 91% capacity. Write operations may fail soon.,Database,Critical,Configured transaction log backup and implemented log management. Log space issues resolved.,23-05-2025 10:36,Closed,61
INCJ232X,Database migration failed for ProductionDB,Transaction log for CustomerDB at 85% capacity. Write operations may fail soon.,Database,High,Identified problematic queries and optimized transaction isolation levels. Deadlock frequency reduced.,31-03-2025 10:36,Closed,72
INCB300L,Database backup failed for InventoryDB,Transaction log for CustomerDB at 72% capacity. Write operations may fail soon.,Database,Critical,Optimized connection pool settings and restarted database services. Connection stability restored.,20-08-2025 10:36,Resolved,16
INCU415L,Database backup failed for UserDB,Transaction log for CustomerDB at 71% capacity. Write operations may fail soon.,Database,Medium,Added additional storage and configured automatic growth. Space monitoring alerts implemented.,26-03-2025 10:36,Closed,53
INCZ956G,Query performance degradation on InventoryDB,Transaction log for CustomerDB at 71% capacity. Write operations may fail soon.,Database,Critical,Rebuilt fragmented indexes during maintenance window. Query performance restored to baseline.,06-02-2026 10:36,Resolved,31
INCD519Y,Database backup failed for UserDB,Transaction log for AnalyticsDB at 74% capacity. Write operations may fail soon.,Database,Medium,Rebuilt fragmented indexes during maintenance window. Query performance restored to baseline.,24-05-2025 10:36,Resolved,28
INCS291P,Data corruption detected in UserDB,Transaction log for AnalyticsDB at 72% capacity. Write operations may fail soon.,Database,Critical,Added additional storage and configured automatic growth. Space monitoring alerts implemented.,17-02-2026 10:36,Resolved,58
INCB886U,Database connection timeout - InventoryDB,Transaction log for AnalyticsDB at 70% capacity. Write operations may fail soon.,Database,Low,Identified problematic queries and optimized transaction isolation levels. Deadlock frequency reduced.,18-02-2026 10:36,Resolved,53
INCQ041B,Server PROD-WEB-01 not responding,The Web Service service is experiencing downtime. Users unable to access critical applications. Error logs show connection timeouts.,Infrastructure,Medium,Fixed backup script permissions. Re-ran backup job successfully and verified data integrity.,22-04-2025 10:36,Closed,12
INCZ669Q,VM migration required for PROD-WEB-01,The Web Service service is experiencing downtime. Users unable to access critical applications. Error logs show connection timeouts.,Infrastructure,Critical,Identified resource-intensive processes. Optimized configurations and added resource monitoring.,13-08-2025 10:36,Closed,30
INCS488Q,Hardware failure detected on FILE-SRV-01,The Web Service service is experiencing downtime. Users unable to access critical applications. Error logs show connection timeouts.,Infrastructure,Medium,Restarted File Service service and verified functionality. Implemented monitoring alerts for early detection.,24-12-2025 10:36,Closed,23
INCR923U,Storage array performance issues,The Web Service service is experiencing downtime. Users unable to access critical applications. Error logs show connection timeouts.,Infrastructure,High,Restored network connectivity. Updated routing tables and verified server accessibility.,30-12-2025 10:36,Closed,55
INCO658A,Memory leak detected on FILE-SRV-01,The Mail Service service is experiencing downtime. Users unable to access critical applications. Error logs show connection timeouts.,Infrastructure,Medium,Balanced storage load across arrays. Optimized IOPS distribution and added performance monitoring.,12-04-2025 10:36,Resolved,21
INCM610O,Disk space full on APP-SRV-03,The Mail Service service is experiencing downtime. Users unable to access critical applications. Error logs show connection timeouts.,Infrastructure,Medium,Balanced storage load across arrays. Optimized IOPS distribution and added performance monitoring.,01-03-2026 10:36,Resolved,57
INCR062X,Disk space full on PROD-WEB-01,The Mail Service service is experiencing downtime. Users unable to access critical applications. Error logs show connection timeouts.,Infrastructure,Low,Replaced faulty hardware component. Ran full diagnostics and confirmed system stability.,24-01-2026 10:36,Closed,36
INCW249J,VM migration required for DB-SERVER-02,The Mail Service service is experiencing downtime. Users unable to access critical applications. Error logs show connection timeouts.,Infrastructure,Medium,Scheduled maintenance window. Successfully migrated VM with zero data loss.,12-09-2025 10:36,Closed,24
INCH278K,Disk space full on MAIL-SRV-02,The File Service service is experiencing downtime. Users unable to access critical applications. Error logs show connection timeouts.,Infrastructure,High,Identified resource-intensive processes. Optimized configurations and added resource monitoring.,06-01-2026 10:36,Closed,17
INCS897W,Memory leak detected on FILE-SRV-01,The File Service service is experiencing downtime. Users unable to access critical applications. Error logs show connection timeouts.,Infrastructure,Critical,Restarted API Service service and verified functionality. Implemented monitoring alerts for early detection.,19-03-2025 10:36,Closed,16
INCN650P,High CPU usage on MAIL-SRV-02,The Database Service service is experiencing downtime. Users unable to access critical applications. Error logs show connection timeouts.,Infrastructure,Medium,Restarted API Service service and verified functionality. Implemented monitoring alerts for early detection.,19-08-2025 10:36,Closed,57
INCU031P,Storage array performance issues,The API Service service is experiencing downtime. Users unable to access critical applications. Error logs show connection timeouts.,Infrastructure,High,Cleaned up temporary files and logs. Implemented automated cleanup scripts and storage monitoring.,05-02-2026 10:36,Closed,4
INCE196N,Power outage affecting datacenter rack R4,The API Service service is experiencing downtime. Users unable to access critical applications. Error logs show connection timeouts.,Infrastructure,High,Identified resource-intensive processes. Optimized configurations and added resource monitoring.,17-02-2026 10:36,Closed,48
INCD240R,Memory leak detected on APP-SRV-03,The API Service service is experiencing downtime. Users unable to access critical applications. Error logs show connection timeouts.,Infrastructure,High,Identified resource-intensive processes. Optimized configurations and added resource monitoring.,26-05-2025 10:36,Closed,55
INCV395J,Power outage affecting datacenter rack R2,The API Service service is experiencing downtime. Users unable to access critical applications. Error logs show connection timeouts.,Infrastructure,Low,Restarted Web Service service and verified functionality. Implemented monitoring alerts for early detection.,03-05-2025 10:36,Resolved,36
INCY419S,High CPU usage on APP-SRV-03,The API Service service is experiencing downtime. Users unable to access critical applications. Error logs show connection timeouts.,Infrastructure,Medium,Restored network connectivity. Updated routing tables and verified server accessibility.,23-07-2025 10:36,Closed,34
INCL816I,Power outage affecting datacenter rack R3,The API Service service is experiencing downtime. Users unable to access critical applications. Error logs show connection timeouts.,Infrastructure,High,Restored power to affected racks. Verified all systems operational and documented incident.,03-12-2025 10:36,Resolved,18
INCO472Y,Data sync issues in ERP,The [feature] feature in Salesforce not functioning correctly. Error message: [error_msg]. Business process blocked.,Application,Medium,Addressed data sync issue by fixing duplicate record handling logic. Cleared sync errors and reprocessed all affected records. Added deduplication checks.,16-01-2026 10:36,Closed,22
INCQ116X,HRMS deployment failed,The [feature] feature in Salesforce not functioning correctly. Error message: [error_msg]. Business process blocked.,Application,Medium,Applied application patch to fix [feature] functionality. Feature now working as expected.,30-01-2026 10:36,Resolved,69
INCY794B,User unable to login to CRM,The [feature] feature in Salesforce not functioning correctly. Error message: [error_msg]. Business process blocked.,Application,High,Investigated deployment pipeline. Fixed configuration issue and successfully deployed version [version].,05-02-2026 10:36,Resolved,24
INCS410Q,Performance issues with Jira,The [feature] feature in Salesforce not functioning correctly. Error message: [error_msg]. Business process blocked.,Application,High,Investigated deployment pipeline. Fixed configuration issue and successfully deployed version [version].,25-02-2026 10:36,Closed,45
INCU101P,Data sync issues in HRMS,The [feature] feature in Jira not functioning correctly. Error message: [error_msg]. Business process blocked.,Application,Medium,Increased API timeout values and optimized service calls. API response times now within acceptable range.,09-01-2026 10:36,Closed,53
INCB805K,Integration failure between HRMS and Mail Service,The [feature] feature in ERP not functioning correctly. Error message: [error_msg]. Business process blocked.,Application,Low,Investigated deployment pipeline. Fixed configuration issue and successfully deployed version [version].,26-09-2025 10:36,Resolved,19
INCM344V,CRM application error - [error_type],The [feature] feature in ERP not functioning correctly. Error message: [error_msg]. Business process blocked.,Application,Medium,Investigated deployment pipeline. Fixed configuration issue and successfully deployed version [version].,08-01-2026 10:36,Closed,60
INCS644V,Feature not working in Jenkins,The [feature] feature in ERP not functioning correctly. Error message: [error_msg]. Business process blocked.,Application,Critical,Reconfigured integration settings. Data exchange between Salesforce and Database Service restored.,21-09-2025 10:36,Resolved,19
INCO827R,User unable to login to SharePoint,The [feature] feature in CRM not functioning correctly. Error message: [error_msg]. Business process blocked.,Application,Critical,Fixed [error_type] by updating application configuration. Deployed hotfix and verified error resolution.,11-10-2025 10:36,Resolved,16
INCF851W,Performance issues with Jira,The [feature] feature in CRM not functioning correctly. Error message: [error_msg]. Business process blocked.,Application,Critical,Updated CSS files and cleared browser cache. UI now rendering correctly across all browsers.,29-12-2025 10:36,Resolved,68
INCY545Y,Confluence application error - [error_type],The [feature] feature in Confluence not functioning correctly. Error message: [error_msg]. Business process blocked.,Application,Low,Reset user credentials and cleared authentication cache. User successfully logged in.,13-02-2026 10:36,Closed,64
INCW851E,Hardware failure detected on APP-SRV-03,Storage performance degraded. IOPS dropping below threshold. Multiple VMs affected on storage array SAN-02.,Infrastructure,High,Cleaned up temporary files and logs. Implemented automated cleanup scripts and storage monitoring.,25-08-2025 10:36,Closed,55
INCG703U,Disk space full on DB-SERVER-02,Storage performance degraded. IOPS dropping below threshold. Multiple VMs affected on storage array SAN-02.,Infrastructure,Medium,Cleaned up temporary files and logs. Implemented automated cleanup scripts and storage monitoring.,05-09-2025 10:36,Closed,45
INCS426T,Server FILE-SRV-01 not responding,Storage performance degraded. IOPS dropping below threshold. Multiple VMs affected on storage array SAN-02.,Infrastructure,Medium,Restored network connectivity. Updated routing tables and verified server accessibility.,29-11-2025 10:36,Closed,27
INCC703H,Server APP-SRV-03 not responding,Storage performance degraded. IOPS dropping below threshold. Multiple VMs affected on storage array SAN-02.,Infrastructure,Medium,Restored network connectivity. Updated routing tables and verified server accessibility.,13-08-2025 10:36,Resolved,34
INCL433N,Server MAIL-SRV-02 not responding,Storage performance degraded. IOPS dropping below threshold. Multiple VMs affected on storage array SAN-01.,Infrastructure,Medium,Fixed backup script permissions. Re-ran backup job successfully and verified data integrity.,27-09-2025 10:36,Closed,68
INCW156N,Hardware failure detected on APP-SRV-03,Storage performance degraded. IOPS dropping below threshold. Multiple VMs affected on storage array SAN-01.,Infrastructure,High,Restored network connectivity. Updated routing tables and verified server accessibility.,12-06-2025 10:36,Closed,17
INCO969D,Hardware failure detected on APP-SRV-03,Storage performance degraded. IOPS dropping below threshold. Multiple VMs affected on storage array SAN-01.,Infrastructure,Medium,Restored network connectivity. Updated routing tables and verified server accessibility.,11-07-2025 10:36,Closed,26
INCT433G,Storage array performance issues,Storage performance degraded. IOPS dropping below threshold. Multiple VMs affected on storage array NAS-02.,Infrastructure,Critical,Balanced storage load across arrays. Optimized IOPS distribution and added performance monitoring.,23-07-2025 10:36,Resolved,6
INCQ545P,Hardware failure detected on MAIL-SRV-02,Storage performance degraded. IOPS dropping below threshold. Multiple VMs affected on storage array NAS-02.,Infrastructure,High,Balanced storage load across arrays. Optimized IOPS distribution and added performance monitoring.,29-07-2025 10:36,Closed,25
INCF836G,VM migration required for PROD-WEB-01,Storage performance degraded. IOPS dropping below threshold. Multiple VMs affected on storage array NAS-02.,Infrastructure,High,Fixed backup script permissions. Re-ran backup job successfully and verified data integrity.,04-09-2025 10:36,Resolved,50
INCS459V,VM migration required for MAIL-SRV-02,Storage performance degraded. IOPS dropping below threshold. Multiple VMs affected on storage array NAS-02.,Infrastructure,Critical,Restored network connectivity. Updated routing tables and verified server accessibility.,24-09-2025 10:36,Resolved,58
INCX754V,Storage array performance issues,Storage performance degraded. IOPS dropping below threshold. Multiple VMs affected on storage array NAS-02.,Infrastructure,Medium,Restored power to affected racks. Verified all systems operational and documented incident.,16-04-2025 10:36,Closed,42
INCC730J,High CPU usage on MAIL-SRV-02,Storage performance degraded. IOPS dropping below threshold. Multiple VMs affected on storage array NAS-02.,Infrastructure,Low,Restored power to affected racks. Verified all systems operational and documented incident.,12-08-2025 10:36,Resolved,7
INCQ552P,Server DB-SERVER-02 not responding,Storage performance degraded. IOPS dropping below threshold. Multiple VMs affected on storage array NAS-02.,Infrastructure,Medium,Scheduled maintenance window. Successfully migrated VM with zero data loss.,12-11-2025 10:36,Resolved,55
INCS658U,VM migration required for PROD-WEB-01,Storage performance degraded. IOPS dropping below threshold. Multiple VMs affected on storage array NAS-01.,Infrastructure,Medium,Balanced storage load across arrays. Optimized IOPS distribution and added performance monitoring.,03-05-2025 10:36,Resolved,58
INCB920L,Storage array performance issues,Storage performance degraded. IOPS dropping below threshold. Multiple VMs affected on storage array NAS-01.,Infrastructure,Medium,Cleaned up temporary files and logs. Implemented automated cleanup scripts and storage monitoring.,07-04-2025 10:36,Resolved,44
INCO105Z,Disk space full on MAIL-SRV-02,Storage performance degraded. IOPS dropping below threshold. Multiple VMs affected on storage array NAS-01.,Infrastructure,Medium,Cleaned up temporary files and logs. Implemented automated cleanup scripts and storage monitoring.,17-07-2025 10:36,Closed,68
INCV559F,VM migration required for APP-SRV-03,Storage performance degraded. IOPS dropping below threshold. Multiple VMs affected on storage array NAS-01.,Infrastructure,Low,Replaced faulty hardware component. Ran full diagnostics and confirmed system stability.,07-11-2025 10:36,Closed,56
INCF751Q,Disk space full on DB-SERVER-02,Storage performance degraded. IOPS dropping below threshold. Multiple VMs affected on storage array NAS-01.,Infrastructure,Critical,Restarted File Service service and verified functionality. Implemented monitoring alerts for early detection.,29-03-2025 10:36,Closed,61
INCB689U,Backup failed for DB-SERVER-02,Storage performance degraded. IOPS dropping below threshold. Multiple VMs affected on storage array NAS-01.,Infrastructure,High,Restored network connectivity. Updated routing tables and verified server accessibility.,19-02-2026 10:36,Closed,58
INCG698H,Multi-factor authentication setup,SSO authentication failing for SAP. Users unable to access via identity provider.,Access Management,High,Completed privileged account audit. 9 findings documented and remediation planned.,27-12-2025 10:36,Resolved,55
INCH791J,Multi-factor authentication setup,SSO authentication failing for SAP. Users unable to access via identity provider.,Access Management,Low,Reset service account 44 password. Updated [dependent_services] service configurations.,19-11-2025 10:36,Resolved,66
INCL259X,Role-based access review required,SSO authentication failing for SAP. Users unable to access via identity provider.,Access Management,Low,Reset service account 50 password. Updated [dependent_services] service configurations.,20-12-2025 10:36,Closed,12
INCJ861U,Privileged account audit request,SSO authentication failing for SAP. Users unable to access via identity provider.,Access Management,Low,Revoked all access for terminated employee sarah.johnson. Access removal verified across all systems.,23-02-2026 10:36,Resolved,13
INCC487O,User access request for AWS Console,SSO authentication failing for Oracle EBS. Users unable to access via identity provider.,Access Management,Low,Completed [group_name] membership review. Removed 8 inactive members.,08-01-2026 10:36,Closed,35
INCU852E,Group membership review for [group_name],SSO authentication failing for Oracle EBS. Users unable to access via identity provider.,Access Management,Critical,Configured MFA for sarah.johnson using [device_type]. Authentication testing successful.,09-04-2025 10:36,Closed,52
INCZ370Q,Account lockout for user john.doe,SSO authentication failing for Office 365. Users unable to access via identity provider.,Access Management,Critical,Completed [group_name] membership review. Removed 6 inactive members.,03-06-2025 10:36,Closed,53
INCU688P,Role-based access review required,SSO authentication failing for Office 365. Users unable to access via identity provider.,Access Management,Low,Completed role-based access review for [department]. 19 access changes implemented.,06-07-2025 10:36,Closed,14
INCM382Z,Group membership review for [group_name],SSO authentication failing for AWS Console. Users unable to access via identity provider.,Access Management,Low,Completed [group_name] membership review. Removed 41 inactive members.,13-04-2025 10:36,Resolved,63
INCG158V,Permission escalation required for sarah.johnson,SSO authentication failing for AWS Console. Users unable to access via identity provider.,Access Management,Medium,Unlocked account for mike.wilson after identity verification. Password reset completed successfully.,06-04-2025 10:36,Resolved,28
INCL686X,Account lockout for user jane.smith,SSO authentication failing for Active Directory. Users unable to access via identity provider.,Access Management,Medium,Completed privileged account audit. 12 findings documented and remediation planned.,31-03-2025 10:36,Resolved,10
INCM122S,Group membership review for [group_name],SSO authentication failing for Active Directory. Users unable to access via identity provider.,Access Management,High,Completed role-based access review for [department]. 42 access changes implemented.,12-04-2025 10:36,Closed,30
INCH482A,Access revocation for terminated employee,SSO authentication failing for Active Directory. Users unable to access via identity provider.,Access Management,Low,Granted jane.smith appropriate access to Office 365 based on role [role]. Manager approval verified.,21-12-2025 10:36,Closed,45
INCH128Z,SSL certificate expiring for app.company.com,SSL certificate for mail.company.com expiring in 24 days. Service interruption possible without renewal.,Security,Critical,Fixed antivirus update service and deployed latest definitions to all 40 workstations.,19-03-2025 10:36,Closed,44
INCM921S,Unauthorized access attempt on AWS Console,SSL certificate for mail.company.com expiring in 12 days. Service interruption possible without renewal.,Security,Low,Disabled compromised account 12 and initiated password reset. Access logs reviewed.,18-06-2025 10:36,Resolved,1
INCZ362C,Phishing email reported by user,SSL certificate for mail.company.com expiring in 1 days. Service interruption possible without renewal.,Security,Medium,Applied critical security patch for CVE-[cve_id]. System vulnerability resolved and verified.,06-07-2025 10:36,Resolved,18
INCL229A,Malware detected on workstation WS-002,SSL certificate for company.com expiring in 29 days. Service interruption possible without renewal.,Security,Critical,Removed malware and ran full system scan. Workstation cleaned and monitoring enhanced.,30-09-2025 10:36,Closed,18
INCI682A,Malware detected on workstation WS-005,SSL certificate for company.com expiring in 18 days. Service interruption possible without renewal.,Security,Low,Applied critical security patch for CVE-[cve_id]. System vulnerability resolved and verified.,09-06-2025 10:36,Resolved,17
INCK619P,Firewall rule review required,SSL certificate for company.com expiring in 18 days. Service interruption possible without renewal.,Security,Critical,Blocked IP address [ip_address] and implemented account lockout policy. User account secured.,13-03-2026 10:36,Resolved,71
INCS667G,Antivirus signature update failed,SSL certificate for app.company.com expiring in 21 days. Service interruption possible without renewal.,Security,Low,Removed malware and ran full system scan. Workstation cleaned and monitoring enhanced.,18-05-2025 10:36,Resolved,53
INCE514S,SSL certificate expiring for mail.company.com,SSL certificate for app.company.com expiring in 11 days. Service interruption possible without renewal.,Security,Low,Blocked IP address [ip_address] and implemented account lockout policy. User account secured.,20-12-2025 10:36,Resolved,9
INCD467E,Malware detected on workstation WS-003,SSL certificate for api.company.com expiring in 30 days. Service interruption possible without renewal.,Security,Low,Updated firewall rules to restrict [port] access to authorized sources only. Security posture improved.,17-11-2025 10:36,Resolved,31
INCO015X,SSL certificate expiring for api.company.com,SSL certificate for api.company.com expiring in 16 days. Service interruption possible without renewal.,Security,Low,Contained potential breach. Conducted forensic analysis and implemented additional monitoring.,11-03-2026 10:36,Resolved,37
INCL902C,Service account password reset,Service account 9 password expired. [dependent_services] services affected.,Access Management,Low,Completed privileged account audit. 48 findings documented and remediation planned.,11-02-2026 10:36,Closed,63
INCI806Z,Service account password reset,Service account 8 password expired. [dependent_services] services affected.,Access Management,Critical,Completed [group_name] membership review. Removed 46 inactive members.,01-07-2025 10:36,Closed,35
INCF728W,Role-based access review required,Service account 49 password expired. [dependent_services] services affected.,Access Management,Critical,Granted temporary elevated permissions to john.doe. Automatic revocation scheduled for [date].,09-05-2025 10:36,Closed,5
INCD441E,Account lockout for user mike.wilson,Service account 48 password expired. [dependent_services] services affected.,Access Management,Medium,Revoked all access for terminated employee sarah.johnson. Access removal verified across all systems.,11-09-2025 10:36,Closed,36
INCH285V,User access request for Office 365,Service account 46 password expired. [dependent_services] services affected.,Access Management,Low,Unlocked account for mike.wilson after identity verification. Password reset completed successfully.,24-04-2025 10:36,Resolved,18
INCK122X,Account lockout for user david.brown,Service account 44 password expired. [dependent_services] services affected.,Access Management,Medium,Fixed SSO configuration for Oracle EBS. Identity provider integration restored successfully.,16-08-2025 10:36,Resolved,45
INCX844S,Role-based access review required,Service account 43 password expired. [dependent_services] services affected.,Access Management,Low,Granted temporary elevated permissions to mike.wilson. Automatic revocation scheduled for [date].,23-10-2025 10:36,Closed,40
INCO043X,Role-based access review required,Service account 38 password expired. [dependent_services] services affected.,Access Management,Critical,Reset service account 17 password. Updated [dependent_services] service configurations.,26-11-2025 10:36,Closed,5
INCI026C,Privileged account audit request,Service account 37 password expired. [dependent_services] services affected.,Access Management,Critical,Unlocked account for mike.wilson after identity verification. Password reset completed successfully.,22-11-2025 10:36,Closed,27
INCJ464Q,Service account password reset,Service account 36 password expired. [dependent_services] services affected.,Access Management,Medium,Fixed SSO configuration for AWS Console. Identity provider integration restored successfully.,21-04-2025 10:36,Closed,5
INCF738O,Permission escalation required for john.doe,Service account 36 password expired. [dependent_services] services affected.,Access Management,High,Granted mike.wilson appropriate access to AWS Console based on role [role]. Manager approval verified.,15-03-2026 10:36,Closed,48
INCU661B,Privileged account audit request,Service account 34 password expired. [dependent_services] services affected.,Access Management,Low,Unlocked account for john.doe after identity verification. Password reset completed successfully.,22-11-2025 10:36,Closed,57
INCN025F,Account lockout for user mike.wilson,Service account 33 password expired. [dependent_services] services affected.,Access Management,High,Completed [group_name] membership review. Removed 25 inactive members.,01-03-2026 10:36,Resolved,46
INCS033T,Single sign-on configuration issue,Service account 32 password expired. [dependent_services] services affected.,Access Management,High,Fixed SSO configuration for Office 365. Identity provider integration restored successfully.,05-04-2025 10:36,Closed,61
INCL359X,Group membership review for [group_name],Service account 31 password expired. [dependent_services] services affected.,Access Management,Critical,Configured MFA for david.brown using [device_type]. Authentication testing successful.,23-04-2025 10:36,Resolved,6
INCM761O,Group membership review for [group_name],Service account 31 password expired. [dependent_services] services affected.,Access Management,Critical,Reset service account 26 password. Updated [dependent_services] service configurations.,10-05-2025 10:36,Resolved,10
INCW061F,Privileged account audit request,Service account 29 password expired. [dependent_services] services affected.,Access Management,Medium,Revoked all access for terminated employee john.doe. Access removal verified across all systems.,09-07-2025 10:36,Resolved,3
INCV887A,Privileged account audit request,Service account 28 password expired. [dependent_services] services affected.,Access Management,Critical,Fixed SSO configuration for AWS Console. Identity provider integration restored successfully.,17-04-2025 10:36,Closed,47
INCE609W,Multi-factor authentication setup,Service account 25 password expired. [dependent_services] services affected.,Access Management,Low,Granted john.doe appropriate access to AWS Console based on role [role]. Manager approval verified.,23-09-2025 10:36,Resolved,59
INCE653Y,Service account password reset,Service account 25 password expired. [dependent_services] services affected.,Access Management,High,Reset service account 15 password. Updated [dependent_services] service configurations.,30-08-2025 10:36,Closed,6
INCY285L,Role-based access review required,Service account 21 password expired. [dependent_services] services affected.,Access Management,Low,Granted temporary elevated permissions to jane.smith. Automatic revocation scheduled for [date].,23-02-2026 10:36,Resolved,31
INCY980U,Role-based access review required,Service account 21 password expired. [dependent_services] services affected.,Access Management,Critical,Revoked all access for terminated employee david.brown. Access removal verified across all systems.,09-01-2026 10:36,Resolved,39
INCH875L,Privileged account audit request,Service account 19 password expired. [dependent_services] services affected.,Access Management,High,Completed role-based access review for [department]. 15 access changes implemented.,26-08-2025 10:36,Resolved,28
INCR459E,Role-based access review required,Service account 18 password expired. [dependent_services] services affected.,Access Management,Low,Completed privileged account audit. 33 findings documented and remediation planned.,10-07-2025 10:36,Closed,19
INCO782R,Service account password reset,Service account 16 password expired. [dependent_services] services affected.,Access Management,Critical,Completed role-based access review for [department]. 20 access changes implemented.,31-05-2025 10:36,Closed,22
INCY881Y,Group membership review for [group_name],Service account 13 password expired. [dependent_services] services affected.,Access Management,Low,Unlocked account for david.brown after identity verification. Password reset completed successfully.,11-12-2025 10:36,Closed,36
INCJ521W,High CPU usage on APP-SRV-03,Server PROD-WEB-01 showing 94% CPU utilization. Multiple processes consuming resources. Performance severely degraded.,Infrastructure,Low,Restored power to affected racks. Verified all systems operational and documented incident.,16-04-2025 10:36,Closed,2
INCB446A,VM migration required for DB-SERVER-02,Server PROD-WEB-01 showing 91% CPU utilization. Multiple processes consuming resources. Performance severely degraded.,Infrastructure,Medium,Fixed backup script permissions. Re-ran backup job successfully and verified data integrity.,03-01-2026 10:36,Resolved,67
INCL224U,Disk space full on MAIL-SRV-02,Server PROD-WEB-01 showing 89% CPU utilization. Multiple processes consuming resources. Performance severely degraded.,Infrastructure,Critical,Restarted File Service service and verified functionality. Implemented monitoring alerts for early detection.,09-05-2025 10:36,Resolved,37
INCH584N,High CPU usage on APP-SRV-03,Server PROD-WEB-01 showing 85% CPU utilization. Multiple processes consuming resources. Performance severely degraded.,Infrastructure,High,Cleaned up temporary files and logs. Implemented automated cleanup scripts and storage monitoring.,08-04-2025 10:36,Closed,40
INCE759N,Disk space full on FILE-SRV-01,Server PROD-WEB-01 showing 85% CPU utilization. Multiple processes consuming resources. Performance severely degraded.,Infrastructure,Critical,Restored network connectivity. Updated routing tables and verified server accessibility.,25-01-2026 10:36,Closed,23
INCD702L,Storage array performance issues,Server PROD-WEB-01 showing 85% CPU utilization. Multiple processes consuming resources. Performance severely degraded.,Infrastructure,Critical,Restored power to affected racks. Verified all systems operational and documented incident.,20-12-2025 10:36,Closed,6
INCK890D,Hardware failure detected on DB-SERVER-02,Server PROD-WEB-01 ping timeouts detected. Network connectivity issues suspected. Multiple service dependencies affected.,Infrastructure,Low,Balanced storage load across arrays. Optimized IOPS distribution and added performance monitoring.,10-07-2025 10:36,Resolved,31
INCH308D,Server MAIL-SRV-02 not responding,Server PROD-WEB-01 ping timeouts detected. Network connectivity issues suspected. Multiple service dependencies affected.,Infrastructure,Medium,Identified resource-intensive processes. Optimized configurations and added resource monitoring.,15-10-2025 10:36,Closed,33
INCC129I,Disk space full on MAIL-SRV-02,Server PROD-WEB-01 ping timeouts detected. Network connectivity issues suspected. Multiple service dependencies affected.,Infrastructure,High,Restored network connectivity. Updated routing tables and verified server accessibility.,15-06-2025 10:36,Closed,12
INCB253W,Backup failed for DB-SERVER-02,Server PROD-WEB-01 ping timeouts detected. Network connectivity issues suspected. Multiple service dependencies affected.,Infrastructure,Critical,Restored power to affected racks. Verified all systems operational and documented incident.,26-01-2026 10:36,Closed,54
INCV945P,Backup failed for FILE-SRV-01,Server MAIL-SRV-02 showing 90% CPU utilization. Multiple processes consuming resources. Performance severely degraded.,Infrastructure,Critical,Restarted API Service service and verified functionality. Implemented monitoring alerts for early detection.,09-07-2025 10:36,Resolved,49
INCH180Z,High CPU usage on APP-SRV-03,Server MAIL-SRV-02 showing 87% CPU utilization. Multiple processes consuming resources. Performance severely degraded.,Infrastructure,Low,Cleaned up temporary files and logs. Implemented automated cleanup scripts and storage monitoring.,18-04-2025 10:36,Closed,32
INCM335G,Server down - APP-SRV-03,Server MAIL-SRV-02 showing 85% CPU utilization. Multiple processes consuming resources. Performance severely degraded.,Infrastructure,Critical,Restored power to affected racks. Verified all systems operational and documented incident.,30-03-2025 10:36,Resolved,68
INCZ475V,Backup failed for FILE-SRV-01,Server MAIL-SRV-02 ping timeouts detected. Network connectivity issues suspected. Multiple service dependencies affected.,Infrastructure,Critical,Cleaned up temporary files and logs. Implemented automated cleanup scripts and storage monitoring.,04-07-2025 10:36,Closed,11
INCI770N,Storage array performance issues,Server MAIL-SRV-02 ping timeouts detected. Network connectivity issues suspected. Multiple service dependencies affected.,Infrastructure,Low,Identified resource-intensive processes. Optimized configurations and added resource monitoring.,13-08-2025 10:36,Closed,34
INCO716I,Server DB-SERVER-02 not responding,Server MAIL-SRV-02 ping timeouts detected. Network connectivity issues suspected. Multiple service dependencies affected.,Infrastructure,Critical,Restarted application services. Investigated memory leak root cause and applied patches.,06-10-2025 10:36,Resolved,29
INCC948Y,Disk space full on PROD-WEB-01,Server FILE-SRV-01 showing 99% CPU utilization. Multiple processes consuming resources. Performance severely degraded.,Infrastructure,Medium,Balanced storage load across arrays. Optimized IOPS distribution and added performance monitoring.,01-05-2025 10:36,Resolved,52
INCI963P,Server down - APP-SRV-03,Server FILE-SRV-01 showing 95% CPU utilization. Multiple processes consuming resources. Performance severely degraded.,Infrastructure,Critical,Identified resource-intensive processes. Optimized configurations and added resource monitoring.,30-03-2025 10:36,Closed,65
INCO696Q,High CPU usage on FILE-SRV-01,Server FILE-SRV-01 showing 85% CPU utilization. Multiple processes consuming resources. Performance severely degraded.,Infrastructure,High,Restarted File Service service and verified functionality. Implemented monitoring alerts for early detection.,29-06-2025 10:36,Closed,31
INCN187I,VM migration required for APP-SRV-03,Server FILE-SRV-01 showing 83% CPU utilization. Multiple processes consuming resources. Performance severely degraded.,Infrastructure,Critical,Restarted API Service service and verified functionality. Implemented monitoring alerts for early detection.,19-05-2025 10:36,Closed,23
INCV533J,Backup failed for FILE-SRV-01,Server FILE-SRV-01 ping timeouts detected. Network connectivity issues suspected. Multiple service dependencies affected.,Infrastructure,High,Restarted application services. Investigated memory leak root cause and applied patches.,29-09-2025 10:36,Closed,47
INCZ840U,Server down - APP-SRV-03,Server FILE-SRV-01 ping timeouts detected. Network connectivity issues suspected. Multiple service dependencies affected.,Infrastructure,High,Restarted File Service service and verified functionality. Implemented monitoring alerts for early detection.,13-02-2026 10:36,Resolved,27
INCO650L,Power outage affecting datacenter rack R4,Server FILE-SRV-01 ping timeouts detected. Network connectivity issues suspected. Multiple service dependencies affected.,Infrastructure,Low,Scheduled maintenance window. Successfully migrated VM with zero data loss.,20-11-2025 10:36,Closed,7
INCE869T,Memory leak detected on MAIL-SRV-02,Server DB-SERVER-02 showing 100% CPU utilization. Multiple processes consuming resources. Performance severely degraded.,Infrastructure,Medium,Identified resource-intensive processes. Optimized configurations and added resource monitoring.,07-04-2025 10:36,Closed,60
INCG372N,Disk space full on MAIL-SRV-02,Server DB-SERVER-02 ping timeouts detected. Network connectivity issues suspected. Multiple service dependencies affected.,Infrastructure,High,Identified resource-intensive processes. Optimized configurations and added resource monitoring.,04-05-2025 10:36,Closed,9
INCV934Q,Disk space full on APP-SRV-03,Server DB-SERVER-02 ping timeouts detected. Network connectivity issues suspected. Multiple service dependencies affected.,Infrastructure,High,Identified resource-intensive processes. Optimized configurations and added resource monitoring.,12-09-2025 10:36,Closed,57
INCV144L,VM migration required for MAIL-SRV-02,Server DB-SERVER-02 ping timeouts detected. Network connectivity issues suspected. Multiple service dependencies affected.,Infrastructure,Low,Restarted Database Service service and verified functionality. Implemented monitoring alerts for early detection.,18-03-2026 10:36,Resolved,40
INCX756L,Storage array performance issues,Server APP-SRV-03 showing 96% CPU utilization. Multiple processes consuming resources. Performance severely degraded.,Infrastructure,Critical,Cleaned up temporary files and logs. Implemented automated cleanup scripts and storage monitoring.,16-11-2025 10:36,Closed,36
INCO551P,Memory leak detected on FILE-SRV-01,Server APP-SRV-03 showing 92% CPU utilization. Multiple processes consuming resources. Performance severely degraded.,Infrastructure,Medium,Restored network connectivity. Updated routing tables and verified server accessibility.,16-05-2025 10:36,Resolved,61
INCW412I,Hardware failure detected on DB-SERVER-02,Server APP-SRV-03 ping timeouts detected. Network connectivity issues suspected. Multiple service dependencies affected.,Infrastructure,Medium,Cleaned up temporary files and logs. Implemented automated cleanup scripts and storage monitoring.,16-10-2025 10:36,Resolved,18
INCC405J,Power outage affecting datacenter rack R1,Server APP-SRV-03 ping timeouts detected. Network connectivity issues suspected. Multiple service dependencies affected.,Infrastructure,Medium,Restarted application services. Investigated memory leak root cause and applied patches.,13-11-2025 10:36,Closed,71
INCU215Y,Server down - APP-SRV-03,Server APP-SRV-03 ping timeouts detected. Network connectivity issues suspected. Multiple service dependencies affected.,Infrastructure,Low,Restarted Web Service service and verified functionality. Implemented monitoring alerts for early detection.,12-11-2025 10:36,Resolved,36
INCR010Q,Memory leak detected on MAIL-SRV-02,Server APP-SRV-03 ping timeouts detected. Network connectivity issues suspected. Multiple service dependencies affected.,Infrastructure,Critical,Restored network connectivity. Updated routing tables and verified server accessibility.,18-05-2025 10:36,Closed,50
INCP539V,Backup failed for MAIL-SRV-02,Server APP-SRV-03 ping timeouts detected. Network connectivity issues suspected. Multiple service dependencies affected.,Infrastructure,High,Scheduled maintenance window. Successfully migrated VM with zero data loss.,05-06-2025 10:36,Resolved,62
INCH230C,Data corruption detected in AnalyticsDB,Scheduled backup for UserDB failed at [time]. Error: [error_msg]. Data recovery risk identified.,Database,Medium,Fixed backup script configuration and verified storage connectivity. Backup completed successfully.,14-05-2025 10:36,Closed,24
INCB332Z,Database deadlock issues in AnalyticsDB,Scheduled backup for UserDB failed at [time]. Error: [error_msg]. Data recovery risk identified.,Database,Low,Optimized connection pool settings and restarted database services. Connection stability restored.,07-03-2026 10:36,Resolved,47
INCI654Z,Replication lag in AnalyticsDB cluster,Scheduled backup for UserDB failed at [time]. Error: [error_msg]. Data recovery risk identified.,Database,Medium,Rebuilt fragmented indexes during maintenance window. Query performance restored to baseline.,11-09-2025 10:36,Resolved,38
INCC976Q,Transaction log full in CustomerDB,Scheduled backup for UserDB failed at [time]. Error: [error_msg]. Data recovery risk identified.,Database,High,Resolved migration issues and successfully upgraded CustomerDB to version [new_version].,09-02-2026 10:36,Resolved,30
INCW665K,Index rebuild required for ProductionDB,Scheduled backup for UserDB failed at [time]. Error: [error_msg]. Data recovery risk identified.,Database,Medium,Restored affected records from backup and ran full data integrity check. Corruption resolved.,21-07-2025 10:36,Closed,26
INCP729O,Database deadlock issues in UserDB,Scheduled backup for UserDB failed at [time]. Error: [error_msg]. Data recovery risk identified.,Database,High,Restored affected records from backup and ran full data integrity check. Corruption resolved.,22-01-2026 10:36,Resolved,52
INCH688J,Replication lag in UserDB cluster,Scheduled backup for InventoryDB failed at [time]. Error: [error_msg]. Data recovery risk identified.,Database,High,Added additional storage and configured automatic growth. Space monitoring alerts implemented.,28-10-2025 10:36,Closed,1
INCC019I,Database connection timeout - UserDB,Scheduled backup for InventoryDB failed at [time]. Error: [error_msg]. Data recovery risk identified.,Database,Low,Added additional storage and configured automatic growth. Space monitoring alerts implemented.,16-11-2025 10:36,Closed,57
INCH663E,Replication lag in UserDB cluster,Scheduled backup for InventoryDB failed at [time]. Error: [error_msg]. Data recovery risk identified.,Database,Critical,Identified problematic queries and optimized transaction isolation levels. Deadlock frequency reduced.,18-01-2026 10:36,Resolved,58
INCR037O,Database connection timeout - InventoryDB,Scheduled backup for InventoryDB failed at [time]. Error: [error_msg]. Data recovery risk identified.,Database,High,Identified problematic queries and optimized transaction isolation levels. Deadlock frequency reduced.,16-04-2025 10:36,Closed,7
INCJ771M,Database backup failed for AnalyticsDB,Scheduled backup for InventoryDB failed at [time]. Error: [error_msg]. Data recovery risk identified.,Database,Medium,Identified problematic queries and optimized transaction isolation levels. Deadlock frequency reduced.,23-01-2026 10:36,Resolved,64
INCQ161B,Replication lag in CustomerDB cluster,Scheduled backup for InventoryDB failed at [time]. Error: [error_msg]. Data recovery risk identified.,Database,Medium,Rebuilt indexes on [table_name] and optimized query execution plans. Performance improved 83%.,13-08-2025 10:36,Resolved,23
INCW189G,Database connection timeout - ProductionDB,Scheduled backup for CustomerDB failed at [time]. Error: [error_msg]. Data recovery risk identified.,Database,High,Added additional storage and configured automatic growth. Space monitoring alerts implemented.,19-10-2025 10:36,Resolved,21
INCU276T,Database space running low - ProductionDB,Scheduled backup for CustomerDB failed at [time]. Error: [error_msg]. Data recovery risk identified.,Database,Critical,Optimized connection pool settings and restarted database services. Connection stability restored.,30-11-2025 10:36,Resolved,21
INCB355R,Database connection timeout - UserDB,Scheduled backup for CustomerDB failed at [time]. Error: [error_msg]. Data recovery risk identified.,Database,High,Rebuilt indexes on [table_name] and optimized query execution plans. Performance improved 82%.,18-11-2025 10:36,Closed,11
INCJ506T,Database space running low - ProductionDB,Scheduled backup for CustomerDB failed at [time]. Error: [error_msg]. Data recovery risk identified.,Database,Critical,Resolved migration issues and successfully upgraded ProductionDB to version [new_version].,05-04-2025 10:36,Resolved,69
INCT440D,Data corruption detected in UserDB,Scheduled backup for AnalyticsDB failed at [time]. Error: [error_msg]. Data recovery risk identified.,Database,Medium,Rebuilt indexes on [table_name] and optimized query execution plans. Performance improved 84%.,02-11-2025 10:36,Closed,49
INCH196G,DNS resolution failures for company.com,Routing inconsistencies on [router]. Traffic to [destination] taking suboptimal paths.,Network,Medium,Corrected VLAN [vlan_id] configuration on SW-CORE-01. Inter-VLAN routing restored.,23-12-2025 10:36,Resolved,45
INCE740S,DNS resolution failures for api.company.com,Routing inconsistencies on [router]. Traffic to [destination] taking suboptimal paths.,Network,Medium,Corrected VLAN [vlan_id] configuration on SW-CORE-01. Inter-VLAN routing restored.,28-07-2025 10:36,Resolved,6
INCX672U,Bandwidth utilization high on [interface],Routing inconsistencies on [router]. Traffic to [destination] taking suboptimal paths.,Network,Medium,Corrected VLAN [vlan_id] configuration on SW-DMZ-01. Inter-VLAN routing restored.,12-04-2025 10:36,Closed,60
INCF388A,Network connectivity issues in Remote Site,Routing inconsistencies on [router]. Traffic to [destination] taking suboptimal paths.,Network,High,Corrected VLAN [vlan_id] configuration on SW-MGMT-01. Inter-VLAN routing restored.,10-05-2025 10:36,Closed,50
INCS738K,DNS resolution failures for mail.company.com,Routing inconsistencies on [router]. Traffic to [destination] taking suboptimal paths.,Network,Medium,Corrected VLAN [vlan_id] configuration on SW-MGMT-01. Inter-VLAN routing restored.,29-10-2025 10:36,Closed,59
INCB910N,Switch port failure on SW-MGMT-01,Routing inconsistencies on [router]. Traffic to [destination] taking suboptimal paths.,Network,Medium,Expanded DHCP pool range for subnet [subnet]. Additional 14 IP addresses available.,18-01-2026 10:36,Closed,2
INCR095Q,Bandwidth utilization high on [interface],Routing inconsistencies on [router]. Traffic to [destination] taking suboptimal paths.,Network,Critical,Expanded DHCP pool range for subnet [subnet]. Additional 45 IP addresses available.,11-07-2025 10:36,Closed,16
INCI927B,Network connectivity issues in Data Center,Routing inconsistencies on [router]. Traffic to [destination] taking suboptimal paths.,Network,Medium,Fixed DNS server configuration and cleared cache. Domain company.com resolution working normally.,24-04-2025 10:36,Resolved,18
INCQ764E,DNS resolution failures for api.company.com,Routing inconsistencies on [router]. Traffic to [destination] taking suboptimal paths.,Network,Low,Implemented traffic shaping and upgraded [interface] bandwidth. Utilization reduced to 72%.,29-07-2025 10:36,Resolved,4
INCW866Q,Network equipment overheating in Remote Site,Routing inconsistencies on [router]. Traffic to [destination] taking suboptimal paths.,Network,High,Implemented traffic shaping and upgraded [interface] bandwidth. Utilization reduced to 80%.,22-07-2025 10:36,Closed,27
INCK286T,Bandwidth utilization high on [interface],Routing inconsistencies on [router]. Traffic to [destination] taking suboptimal paths.,Network,Critical,Implemented traffic shaping and upgraded [interface] bandwidth. Utilization reduced to 85%.,13-04-2025 10:36,Closed,34
INCS389P,Network equipment overheating in Data Center,Routing inconsistencies on [router]. Traffic to [destination] taking suboptimal paths.,Network,Critical,Implemented traffic shaping and upgraded [interface] bandwidth. Utilization reduced to 92%.,24-06-2025 10:36,Resolved,2
INCN032A,DNS resolution failures for mail.company.com,Routing inconsistencies on [router]. Traffic to [destination] taking suboptimal paths.,Network,Low,Improved ventilation and cleaned equipment fans. Temperature normalized in Building A.,02-02-2026 10:36,Resolved,56
INCN845X,Routing table corruption on [router],Routing inconsistencies on [router]. Traffic to [destination] taking suboptimal paths.,Network,Medium,Improved ventilation and cleaned equipment fans. Temperature normalized in Building B.,02-04-2025 10:36,Resolved,71
INCC317R,DHCP pool exhausted in [subnet],Routing inconsistencies on [router]. Traffic to [destination] taking suboptimal paths.,Network,Critical,Optimized QoS settings and upgraded interface capacity. Latency reduced to 802ms.,17-04-2025 10:36,Resolved,61
INCN130B,DNS resolution failures for mail.company.com,Routing inconsistencies on [router]. Traffic to [destination] taking suboptimal paths.,Network,Low,Relocated wireless access point and adjusted antenna positioning. Signal strength improved in [area].,21-02-2026 10:36,Resolved,44
INCJ102G,Switch port failure on SW-DMZ-01,Routing inconsistencies on [router]. Traffic to [destination] taking suboptimal paths.,Network,Critical,Replaced faulty port module on SW-ACCESS-02. All 26 devices reconnected successfully.,26-03-2025 10:36,Resolved,7
INCF973G,Wireless connectivity issues in [area],Routing inconsistencies on [router]. Traffic to [destination] taking suboptimal paths.,Network,High,Replaced faulty port module on SW-ACCESS-02. All 32 devices reconnected successfully.,04-09-2025 10:36,Closed,61
INCV105L,Network equipment overheating in Building A,Routing inconsistencies on [router]. Traffic to [destination] taking suboptimal paths.,Network,Critical,Updated routing tables on [router]. Traffic now following optimal paths to [destination].,14-11-2025 10:36,Closed,67
INCJ078U,DNS resolution failures for company.com,Routing inconsistencies on [router]. Traffic to [destination] taking suboptimal paths.,Network,Low,Updated routing tables on [router]. Traffic now following optimal paths to [destination].,25-07-2025 10:36,Closed,14
INCS041Y,Query performance degradation on InventoryDB,Replication lag detected in UserDB cluster. Secondary nodes 264 seconds behind primary.,Database,Medium,Restored affected records from backup and ran full data integrity check. Corruption resolved.,10-09-2025 10:36,Closed,12
INCS344Q,Database migration failed for CustomerDB,Replication lag detected in UserDB cluster. Secondary nodes 141 seconds behind primary.,Database,Low,Rebuilt fragmented indexes during maintenance window. Query performance restored to baseline.,15-07-2025 10:36,Closed,64
INCV817M,Database space running low - UserDB,Replication lag detected in ProductionDB cluster. Secondary nodes 54 seconds behind primary.,Database,Medium,Fixed backup script configuration and verified storage connectivity. Backup completed successfully.,06-04-2025 10:36,Closed,59
INCF271B,Database space running low - CustomerDB,Replication lag detected in ProductionDB cluster. Secondary nodes 259 seconds behind primary.,Database,High,Resolved migration issues and successfully upgraded ProductionDB to version [new_version].,13-07-2025 10:36,Resolved,37
INCT134T,Query performance degradation on UserDB,Replication lag detected in ProductionDB cluster. Secondary nodes 237 seconds behind primary.,Database,Medium,Fixed backup script configuration and verified storage connectivity. Backup completed successfully.,28-08-2025 10:36,Closed,4
INCA418O,Query performance degradation on CustomerDB,Replication lag detected in ProductionDB cluster. Secondary nodes 218 seconds behind primary.,Database,High,Resolved migration issues and successfully upgraded ProductionDB to version [new_version].,28-03-2025 10:36,Closed,1
INCT919H,Database space running low - InventoryDB,Replication lag detected in ProductionDB cluster. Secondary nodes 203 seconds behind primary.,Database,Low,Optimized connection pool settings and restarted database services. Connection stability restored.,05-06-2025 10:36,Resolved,31
INCX774K,Database space running low - InventoryDB,Replication lag detected in ProductionDB cluster. Secondary nodes 176 seconds behind primary.,Database,Medium,Fixed backup script configuration and verified storage connectivity. Backup completed successfully.,14-08-2025 10:36,Resolved,8
INCE397O,Transaction log full in InventoryDB,Replication lag detected in InventoryDB cluster. Secondary nodes 56 seconds behind primary.,Database,High,Optimized connection pool settings and restarted database services. Connection stability restored.,10-05-2025 10:36,Resolved,62
INCS221H,Database space running low - CustomerDB,Replication lag detected in InventoryDB cluster. Secondary nodes 273 seconds behind primary.,Database,Medium,Optimized replication settings and network connectivity. Lag reduced to acceptable levels.,01-08-2025 10:36,Resolved,63
INCO219T,Index rebuild required for CustomerDB,Replication lag detected in InventoryDB cluster. Secondary nodes 166 seconds behind primary.,Database,High,Resolved migration issues and successfully upgraded InventoryDB to version [new_version].,23-09-2025 10:36,Closed,24
INCJ794Z,Index rebuild required for ProductionDB,Replication lag detected in InventoryDB cluster. Secondary nodes 109 seconds behind primary.,Database,High,Added additional storage and configured automatic growth. Space monitoring alerts implemented.,17-03-2026 10:36,Closed,18
INCB323J,Database backup failed for InventoryDB,Replication lag detected in CustomerDB cluster. Secondary nodes 241 seconds behind primary.,Database,High,Identified problematic queries and optimized transaction isolation levels. Deadlock frequency reduced.,18-11-2025 10:36,Resolved,26
INCE772H,Database connection timeout - ProductionDB,Replication lag detected in CustomerDB cluster. Secondary nodes 184 seconds behind primary.,Database,Critical,Added additional storage and configured automatic growth. Space monitoring alerts implemented.,12-08-2025 10:36,Closed,59
INCF245F,Database connection timeout - AnalyticsDB,Replication lag detected in CustomerDB cluster. Secondary nodes 138 seconds behind primary.,Database,High,Added additional storage and configured automatic growth. Space monitoring alerts implemented.,26-07-2025 10:36,Resolved,8
INCK217U,Index rebuild required for CustomerDB,Replication lag detected in CustomerDB cluster. Secondary nodes 103 seconds behind primary.,Database,Critical,Configured transaction log backup and implemented log management. Log space issues resolved.,28-04-2025 10:36,Closed,58
INCK897Y,Database connection timeout - ProductionDB,Replication lag detected in AnalyticsDB cluster. Secondary nodes 73 seconds behind primary.,Database,Critical,Identified problematic queries and optimized transaction isolation levels. Deadlock frequency reduced.,30-12-2025 10:36,Resolved,23
INCT894E,Database space running low - CustomerDB,Replication lag detected in AnalyticsDB cluster. Secondary nodes 224 seconds behind primary.,Database,Medium,Fixed backup script configuration and verified storage connectivity. Backup completed successfully.,24-11-2025 10:36,Resolved,63
INCY308V,Database deadlock issues in AnalyticsDB,Replication lag detected in AnalyticsDB cluster. Secondary nodes 142 seconds behind primary.,Database,Critical,Configured transaction log backup and implemented log management. Log space issues resolved.,05-01-2026 10:36,Resolved,42
INCI676C,VPN connection issues for remote users,Remote users unable to establish VPN connections. Authentication server [server] experiencing issues.,Security,Medium,Applied critical security patch for CVE-[cve_id]. System vulnerability resolved and verified.,18-05-2025 10:36,Closed,49
INCL006F,Suspicious login attempts detected,Remote users unable to establish VPN connections. Authentication server [server] experiencing issues.,Security,Low,Applied critical security patch for CVE-[cve_id]. System vulnerability resolved and verified.,18-08-2025 10:36,Resolved,35
INCQ496U,Data breach investigation required,Remote users unable to establish VPN connections. Authentication server [server] experiencing issues.,Security,Critical,Applied critical security patch for CVE-[cve_id]. System vulnerability resolved and verified.,28-05-2025 10:36,Closed,48
INCG408K,Unauthorized access attempt on Office 365,Remote users unable to establish VPN connections. Authentication server [server] experiencing issues.,Security,High,Blocked IP address [ip_address] and implemented account lockout policy. User account secured.,07-10-2025 10:36,Closed,10
INCI288T,Firewall rule review required,Remote users unable to establish VPN connections. Authentication server [server] experiencing issues.,Security,Low,Blocked IP address [ip_address] and implemented account lockout policy. User account secured.,04-02-2026 10:36,Resolved,22
INCV107F,Data breach investigation required,Remote users unable to establish VPN connections. Authentication server [server] experiencing issues.,Security,High,Blocked IP address [ip_address] and implemented account lockout policy. User account secured.,17-03-2026 10:36,Resolved,16
INCR299W,Suspicious login attempts detected,Remote users unable to establish VPN connections. Authentication server [server] experiencing issues.,Security,High,Confirmed phishing attempt. Blocked sender and updated email filters. User security training scheduled.,19-02-2026 10:36,Resolved,69
INCY900M,Suspicious login attempts detected,Remote users unable to establish VPN connections. Authentication server [server] experiencing issues.,Security,Low,Contained potential breach. Conducted forensic analysis and implemented additional monitoring.,11-10-2025 10:36,Closed,53
INCI202F,Data breach investigation required,Remote users unable to establish VPN connections. Authentication server [server] experiencing issues.,Security,Medium,Contained potential breach. Conducted forensic analysis and implemented additional monitoring.,31-08-2025 10:36,Closed,60
INCO927Q,VPN connection issues for remote users,Remote users unable to establish VPN connections. Authentication server [server] experiencing issues.,Security,High,Disabled compromised account 25 and initiated password reset. Access logs reviewed.,03-03-2026 10:36,Closed,48
INCU310Z,Antivirus signature update failed,Remote users unable to establish VPN connections. Authentication server [server] experiencing issues.,Security,Medium,Fixed antivirus update service and deployed latest definitions to all 23 workstations.,05-03-2026 10:36,Closed,64
INCV766F,SSL certificate expiring for app.company.com,Remote users unable to establish VPN connections. Authentication server [server] experiencing issues.,Security,Low,Fixed antivirus update service and deployed latest definitions to all 45 workstations.,02-02-2026 10:36,Closed,70
INCL946Z,Antivirus signature update failed,Remote users unable to establish VPN connections. Authentication server [server] experiencing issues.,Security,High,Fixed antivirus update service and deployed latest definitions to all 46 workstations.,18-07-2025 10:36,Closed,51
INCG980Y,Phishing email reported by user,Remote users unable to establish VPN connections. Authentication server [server] experiencing issues.,Security,High,Fixed antivirus update service and deployed latest definitions to all 8 workstations.,26-02-2026 10:36,Resolved,63
INCG260B,Phishing email reported by user,Remote users unable to establish VPN connections. Authentication server [server] experiencing issues.,Security,Medium,Removed malware and ran full system scan. Workstation cleaned and monitoring enhanced.,27-12-2025 10:36,Resolved,7
INCC223H,Firewall rule review required,Remote users unable to establish VPN connections. Authentication server [server] experiencing issues.,Security,High,Removed malware and ran full system scan. Workstation cleaned and monitoring enhanced.,26-03-2025 10:36,Closed,49
INCO705J,SSL certificate expiring for mail.company.com,Remote users unable to establish VPN connections. Authentication server [server] experiencing issues.,Security,Critical,Renewed SSL certificate for api.company.com. Certificate installed and verified across all services.,21-01-2026 10:36,Resolved,71
INCY577Y,SSL certificate expiring for app.company.com,Remote users unable to establish VPN connections. Authentication server [server] experiencing issues.,Security,Low,Renewed SSL certificate for company.com. Certificate installed and verified across all services.,04-08-2025 10:36,Resolved,40
INCQ257R,Data breach investigation required,Remote users unable to establish VPN connections. Authentication server [server] experiencing issues.,Security,Low,Renewed SSL certificate for mail.company.com. Certificate installed and verified across all services.,15-11-2025 10:36,Closed,30
INCE637R,Suspicious login attempts detected,Remote users unable to establish VPN connections. Authentication server [server] experiencing issues.,Security,Medium,Restarted VPN authentication services. All remote users now able to connect successfully.,29-05-2025 10:36,Closed,52
INCD420L,Malware detected on workstation WS-004,Remote users unable to establish VPN connections. Authentication server [server] experiencing issues.,Security,Critical,Restarted VPN authentication services. All remote users now able to connect successfully.,10-09-2025 10:36,Closed,30
INCP764N,Data breach investigation required,Remote users unable to establish VPN connections. Authentication server [server] experiencing issues.,Security,High,Updated firewall rules to restrict [port] access to authorized sources only. Security posture improved.,11-12-2025 10:36,Closed,67
INCF379L,Database deadlock issues in InventoryDB,Query execution time increased by 95% on CustomerDB. Table [table_name] queries most affected.,Database,High,Identified problematic queries and optimized transaction isolation levels. Deadlock frequency reduced.,12-08-2025 10:36,Resolved,52
INCM833Y,Database migration failed for ProductionDB,Query execution time increased by 83% on CustomerDB. Table [table_name] queries most affected.,Database,Low,Rebuilt indexes on [table_name] and optimized query execution plans. Performance improved 74%.,04-01-2026 10:36,Closed,44
INCA683R,Database migration failed for CustomerDB,Query execution time increased by 83% on AnalyticsDB. Table [table_name] queries most affected.,Database,Medium,Rebuilt fragmented indexes during maintenance window. Query performance restored to baseline.,23-07-2025 10:36,Closed,56
INCU843O,Transaction log full in InventoryDB,Query execution time increased by 80% on ProductionDB. Table [table_name] queries most affected.,Database,Critical,Fixed backup script configuration and verified storage connectivity. Backup completed successfully.,13-06-2025 10:36,Resolved,54
INCQ154B,Index rebuild required for AnalyticsDB,Query execution time increased by 79% on UserDB. Table [table_name] queries most affected.,Database,Critical,Added additional storage and configured automatic growth. Space monitoring alerts implemented.,24-10-2025 10:36,Resolved,18
INCZ576J,Database deadlock issues in AnalyticsDB,Query execution time increased by 78% on ProductionDB. Table [table_name] queries most affected.,Database,Medium,Resolved migration issues and successfully upgraded ProductionDB to version [new_version].,28-06-2025 10:36,Closed,62
INCI405E,Database connection timeout - ProductionDB,Query execution time increased by 74% on UserDB. Table [table_name] queries most affected.,Database,Critical,Added additional storage and configured automatic growth. Space monitoring alerts implemented.,25-12-2025 10:36,Resolved,27
INCR281E,Data corruption detected in CustomerDB,Query execution time increased by 72% on CustomerDB. Table [table_name] queries most affected.,Database,Critical,Rebuilt fragmented indexes during maintenance window. Query performance restored to baseline.,23-05-2025 10:36,Resolved,49
INCB244N,Replication lag in UserDB cluster,Query execution time increased by 71% on ProductionDB. Table [table_name] queries most affected.,Database,Medium,Optimized replication settings and network connectivity. Lag reduced to acceptable levels.,21-08-2025 10:36,Closed,32
INCZ017C,Database backup failed for ProductionDB,Query execution time increased by 70% on UserDB. Table [table_name] queries most affected.,Database,Low,Added additional storage and configured automatic growth. Space monitoring alerts implemented.,11-01-2026 10:36,Resolved,39
INCH024V,Permission escalation required for david.brown,Quarterly review of [group_name] group membership required. 9 members to verify.,Access Management,Medium,Granted david.brown appropriate access to Oracle EBS based on role [role]. Manager approval verified.,15-07-2025 10:36,Resolved,12
INCS885V,Privileged account audit request,Quarterly review of [group_name] group membership required. 7 members to verify.,Access Management,Medium,Fixed SSO configuration for AWS Console. Identity provider integration restored successfully.,27-09-2025 10:36,Resolved,44
INCZ569V,Multi-factor authentication setup,Quarterly review of [group_name] group membership required. 7 members to verify.,Access Management,Medium,Fixed SSO configuration for SAP. Identity provider integration restored successfully.,07-05-2025 10:36,Closed,51
INCF051I,Service account password reset,Quarterly review of [group_name] group membership required. 6 members to verify.,Access Management,Medium,Granted temporary elevated permissions to jane.smith. Automatic revocation scheduled for [date].,26-01-2026 10:36,Resolved,67
INCJ815X,Access revocation for terminated employee,Quarterly review of [group_name] group membership required. 48 members to verify.,Access Management,Medium,Configured MFA for mike.wilson using [device_type]. Authentication testing successful.,18-06-2025 10:36,Closed,32
INCR729K,Group membership review for [group_name],Quarterly review of [group_name] group membership required. 34 members to verify.,Access Management,Medium,Reset service account 15 password. Updated [dependent_services] service configurations.,13-09-2025 10:36,Resolved,25
INCD273O,Service account password reset,Quarterly review of [group_name] group membership required. 33 members to verify.,Access Management,Critical,Completed privileged account audit. 43 findings documented and remediation planned.,14-05-2025 10:36,Closed,67
INCT345S,Group membership review for [group_name],Quarterly review of [group_name] group membership required. 30 members to verify.,Access Management,High,Reset service account 8 password. Updated [dependent_services] service configurations.,28-04-2025 10:36,Resolved,48
INCH170N,Permission escalation required for david.brown,Quarterly review of [group_name] group membership required. 25 members to verify.,Access Management,High,Granted john.doe appropriate access to SAP based on role [role]. Manager approval verified.,02-02-2026 10:36,Resolved,19
INCQ947Z,Single sign-on configuration issue,Quarterly review of [group_name] group membership required. 21 members to verify.,Access Management,Critical,Completed role-based access review for [department]. 35 access changes implemented.,12-07-2025 10:36,Resolved,10
INCQ082F,Single sign-on configuration issue,Quarterly review of [group_name] group membership required. 21 members to verify.,Access Management,Medium,Completed role-based access review for [department]. 39 access changes implemented.,26-11-2025 10:36,Resolved,70
INCK118Y,Single sign-on configuration issue,Quarterly review of [group_name] group membership required. 21 members to verify.,Access Management,Low,Completed role-based access review for [department]. 41 access changes implemented.,17-04-2025 10:36,Resolved,19
INCC282Y,Account lockout for user mike.wilson,Quarterly review of [group_name] group membership required. 20 members to verify.,Access Management,Low,Unlocked account for jane.smith after identity verification. Password reset completed successfully.,05-03-2026 10:36,Resolved,47
INCQ393O,Account lockout for user david.brown,Quarterly review of [group_name] group membership required. 12 members to verify.,Access Management,Medium,Completed role-based access review for [department]. 21 access changes implemented.,16-05-2025 10:36,Closed,70
INCI850F,Privileged account audit request,Quarterly review of [group_name] group membership required. 12 members to verify.,Access Management,Medium,Granted temporary elevated permissions to david.brown. Automatic revocation scheduled for [date].,17-09-2025 10:36,Resolved,72
INCI209V,Role-based access review required,Quarterly review of [group_name] group membership required. 11 members to verify.,Access Management,Low,Unlocked account for mike.wilson after identity verification. Password reset completed successfully.,06-02-2026 10:36,Closed,67
INCU260O,Group membership review for [group_name],Privileged account audit requested for compliance. 7 admin accounts to review.,Access Management,Medium,Granted john.doe appropriate access to Oracle EBS based on role [role]. Manager approval verified.,29-01-2026 10:36,Closed,34
INCC353H,Access revocation for terminated employee,Privileged account audit requested for compliance. 6 admin accounts to review.,Access Management,Critical,Granted temporary elevated permissions to david.brown. Automatic revocation scheduled for [date].,02-06-2025 10:36,Closed,44
INCU735Y,Privileged account audit request,Privileged account audit requested for compliance. 50 admin accounts to review.,Access Management,Low,Granted john.doe appropriate access to Oracle EBS based on role [role]. Manager approval verified.,27-12-2025 10:36,Closed,66
INCB076V,Multi-factor authentication setup,Privileged account audit requested for compliance. 5 admin accounts to review.,Access Management,Medium,Configured MFA for sarah.johnson using [device_type]. Authentication testing successful.,15-11-2025 10:36,Resolved,50
INCR203W,Permission escalation required for david.brown,Privileged account audit requested for compliance. 45 admin accounts to review.,Access Management,Critical,Unlocked account for john.doe after identity verification. Password reset completed successfully.,24-01-2026 10:36,Closed,58
INCO943C,Role-based access review required,Privileged account audit requested for compliance. 44 admin accounts to review.,Access Management,Critical,Completed privileged account audit. 33 findings documented and remediation planned.,11-04-2025 10:36,Resolved,52
INCY838T,Single sign-on configuration issue,Privileged account audit requested for compliance. 43 admin accounts to review.,Access Management,Medium,Completed privileged account audit. 40 findings documented and remediation planned.,18-01-2026 10:36,Resolved,29
INCR235S,Permission escalation required for mike.wilson,Privileged account audit requested for compliance. 38 admin accounts to review.,Access Management,Critical,Unlocked account for john.doe after identity verification. Password reset completed successfully.,27-01-2026 10:36,Closed,45
INCS111O,Single sign-on configuration issue,Privileged account audit requested for compliance. 36 admin accounts to review.,Access Management,Critical,Granted john.doe appropriate access to AWS Console based on role [role]. Manager approval verified.,25-07-2025 10:36,Resolved,42
INCU073T,Role-based access review required,Privileged account audit requested for compliance. 33 admin accounts to review.,Access Management,Medium,Granted mike.wilson appropriate access to SAP based on role [role]. Manager approval verified.,07-10-2025 10:36,Resolved,23
INCW455C,User access request for SAP,Privileged account audit requested for compliance. 33 admin accounts to review.,Access Management,High,Granted temporary elevated permissions to david.brown. Automatic revocation scheduled for [date].,29-09-2025 10:36,Resolved,43
INCD530E,Account lockout for user mike.wilson,Privileged account audit requested for compliance. 23 admin accounts to review.,Access Management,Critical,Revoked all access for terminated employee sarah.johnson. Access removal verified across all systems.,26-09-2025 10:36,Resolved,54
INCT050V,Single sign-on configuration issue,Privileged account audit requested for compliance. 22 admin accounts to review.,Access Management,High,Completed privileged account audit. 43 findings documented and remediation planned.,01-05-2025 10:36,Resolved,39
INCW959V,Group membership review for [group_name],Privileged account audit requested for compliance. 13 admin accounts to review.,Access Management,Medium,Completed privileged account audit. 31 findings documented and remediation planned.,01-05-2025 10:36,Resolved,23
INCI067G,Role-based access review required,Privileged account audit requested for compliance. 13 admin accounts to review.,Access Management,Critical,Configured MFA for david.brown using [device_type]. Authentication testing successful.,28-07-2025 10:36,Resolved,38
INCP174Q,Memory leak detected on PROD-WEB-01,Power outage in datacenter affecting rack R5. UPS systems engaged. Estimated 2 minutes downtime.,Infrastructure,High,Scheduled maintenance window. Successfully migrated VM with zero data loss.,09-11-2025 10:36,Closed,70
INCK083S,Power outage affecting datacenter rack R4,Power outage in datacenter affecting rack R4. UPS systems engaged. Estimated 7 minutes downtime.,Infrastructure,Critical,Replaced faulty hardware component. Ran full diagnostics and confirmed system stability.,24-12-2025 10:36,Closed,57
INCA777Z,High CPU usage on FILE-SRV-01,Power outage in datacenter affecting rack R4. UPS systems engaged. Estimated 7 minutes downtime.,Infrastructure,Critical,Restarted Database Service service and verified functionality. Implemented monitoring alerts for early detection.,26-03-2025 10:36,Resolved,52
INCW576J,Backup failed for APP-SRV-03,Power outage in datacenter affecting rack R4. UPS systems engaged. Estimated 5 minutes downtime.,Infrastructure,Low,Scheduled maintenance window. Successfully migrated VM with zero data loss.,12-07-2025 10:36,Closed,12
INCK823D,Server down - PROD-WEB-01,Power outage in datacenter affecting rack R4. UPS systems engaged. Estimated 3 minutes downtime.,Infrastructure,Critical,Replaced faulty hardware component. Ran full diagnostics and confirmed system stability.,19-05-2025 10:36,Resolved,9
INCT231Y,Disk space full on PROD-WEB-01,Power outage in datacenter affecting rack R4. UPS systems engaged. Estimated 2 minutes downtime.,Infrastructure,Low,Restarted application services. Investigated memory leak root cause and applied patches.,22-09-2025 10:36,Resolved,4
INCK914R,Power outage affecting datacenter rack R1,Power outage in datacenter affecting rack R3. UPS systems engaged. Estimated 7 minutes downtime.,Infrastructure,High,Identified resource-intensive processes. Optimized configurations and added resource monitoring.,11-07-2025 10:36,Resolved,42
INCJ710P,Memory leak detected on DB-SERVER-02,Power outage in datacenter affecting rack R3. UPS systems engaged. Estimated 3 minutes downtime.,Infrastructure,High,Balanced storage load across arrays. Optimized IOPS distribution and added performance monitoring.,16-06-2025 10:36,Resolved,44
INCT452N,Server MAIL-SRV-02 not responding,Power outage in datacenter affecting rack R3. UPS systems engaged. Estimated 3 minutes downtime.,Infrastructure,Critical,Restarted File Service service and verified functionality. Implemented monitoring alerts for early detection.,16-10-2025 10:36,Closed,34
INCM271Z,VM migration required for PROD-WEB-01,Power outage in datacenter affecting rack R3. UPS systems engaged. Estimated 2 minutes downtime.,Infrastructure,Low,Cleaned up temporary files and logs. Implemented automated cleanup scripts and storage monitoring.,04-04-2025 10:36,Resolved,25
INCP895L,Server APP-SRV-03 not responding,Power outage in datacenter affecting rack R3. UPS systems engaged. Estimated 2 minutes downtime.,Infrastructure,Low,Cleaned up temporary files and logs. Implemented automated cleanup scripts and storage monitoring.,30-12-2025 10:36,Resolved,19
INCE643D,High CPU usage on APP-SRV-03,Power outage in datacenter affecting rack R3. UPS systems engaged. Estimated 2 minutes downtime.,Infrastructure,Medium,Fixed backup script permissions. Re-ran backup job successfully and verified data integrity.,28-10-2025 10:36,Resolved,54
INCE542L,Storage array performance issues,Power outage in datacenter affecting rack R2. UPS systems engaged. Estimated 6 minutes downtime.,Infrastructure,Low,Replaced faulty hardware component. Ran full diagnostics and confirmed system stability.,27-12-2025 10:36,Resolved,72
INCK957W,Server down - PROD-WEB-01,Power outage in datacenter affecting rack R2. UPS systems engaged. Estimated 6 minutes downtime.,Infrastructure,Critical,Replaced faulty hardware component. Ran full diagnostics and confirmed system stability.,18-06-2025 10:36,Closed,26
INCP405U,Hardware failure detected on DB-SERVER-02,Power outage in datacenter affecting rack R2. UPS systems engaged. Estimated 4 minutes downtime.,Infrastructure,High,Restarted application services. Investigated memory leak root cause and applied patches.,03-02-2026 10:36,Closed,21
INCY556M,Server down - PROD-WEB-01,Power outage in datacenter affecting rack R2. UPS systems engaged. Estimated 4 minutes downtime.,Infrastructure,High,Scheduled maintenance window. Successfully migrated VM with zero data loss.,12-04-2025 10:36,Closed,52
INCX169O,Backup failed for APP-SRV-03,Power outage in datacenter affecting rack R2. UPS systems engaged. Estimated 3 minutes downtime.,Infrastructure,High,Fixed backup script permissions. Re-ran backup job successfully and verified data integrity.,29-05-2025 10:36,Resolved,13
INCM514L,Hardware failure detected on DB-SERVER-02,Power outage in datacenter affecting rack R2. UPS systems engaged. Estimated 3 minutes downtime.,Infrastructure,High,Restored network connectivity. Updated routing tables and verified server accessibility.,22-10-2025 10:36,Resolved,12
INCE382Y,Hardware failure detected on PROD-WEB-01,Power outage in datacenter affecting rack R2. UPS systems engaged. Estimated 1 minutes downtime.,Infrastructure,Medium,Replaced faulty hardware component. Ran full diagnostics and confirmed system stability.,01-11-2025 10:36,Closed,8
INCC462F,Memory leak detected on PROD-WEB-01,Power outage in datacenter affecting rack R1. UPS systems engaged. Estimated 7 minutes downtime.,Infrastructure,Medium,Restarted application services. Investigated memory leak root cause and applied patches.,16-08-2025 10:36,Resolved,50
INCO358J,VM migration required for DB-SERVER-02,Power outage in datacenter affecting rack R1. UPS systems engaged. Estimated 6 minutes downtime.,Infrastructure,Medium,Identified resource-intensive processes. Optimized configurations and added resource monitoring.,06-05-2025 10:36,Closed,37
INCE158C,Storage array performance issues,Power outage in datacenter affecting rack R1. UPS systems engaged. Estimated 1 minutes downtime.,Infrastructure,Medium,Balanced storage load across arrays. Optimized IOPS distribution and added performance monitoring.,27-01-2026 10:36,Closed,32
INCJ464C,Backup failed for PROD-WEB-01,Power outage in datacenter affecting rack R1. UPS systems engaged. Estimated 1 minutes downtime.,Infrastructure,Medium,Scheduled maintenance window. Successfully migrated VM with zero data loss.,25-05-2025 10:36,Resolved,3
INCV719X,Security patch deployment required,Potential data breach detected. 9630 records may be compromised. Immediate investigation required.,Security,Low,Removed malware and ran full system scan. Workstation cleaned and monitoring enhanced.,13-08-2025 10:36,Closed,52
INCY179P,Firewall rule review required,Potential data breach detected. 9564 records may be compromised. Immediate investigation required.,Security,Medium,Renewed SSL certificate for company.com. Certificate installed and verified across all services.,18-08-2025 10:36,Resolved,44
INCQ316V,Phishing email reported by user,Potential data breach detected. 9427 records may be compromised. Immediate investigation required.,Security,Low,Fixed antivirus update service and deployed latest definitions to all 32 workstations.,06-12-2025 10:36,Closed,40
INCZ685X,Firewall rule review required,Potential data breach detected. 7807 records may be compromised. Immediate investigation required.,Security,Critical,Disabled compromised account 18 and initiated password reset. Access logs reviewed.,17-05-2025 10:36,Closed,20
INCC141E,SSL certificate expiring for app.company.com,Potential data breach detected. 7061 records may be compromised. Immediate investigation required.,Security,Critical,Renewed SSL certificate for mail.company.com. Certificate installed and verified across all services.,12-01-2026 10:36,Resolved,27
INCV882H,VPN connection issues for remote users,Potential data breach detected. 6370 records may be compromised. Immediate investigation required.,Security,Low,Confirmed phishing attempt. Blocked sender and updated email filters. User security training scheduled.,05-05-2025 10:36,Closed,42
INCD389I,Data breach investigation required,Potential data breach detected. 6341 records may be compromised. Immediate investigation required.,Security,Critical,Restarted VPN authentication services. All remote users now able to connect successfully.,18-04-2025 10:36,Closed,66
INCA849V,VPN connection issues for remote users,Potential data breach detected. 5600 records may be compromised. Immediate investigation required.,Security,Low,Fixed antivirus update service and deployed latest definitions to all 32 workstations.,14-08-2025 10:36,Closed,72
INCG303G,Phishing email reported by user,Potential data breach detected. 5513 records may be compromised. Immediate investigation required.,Security,Medium,Restarted VPN authentication services. All remote users now able to connect successfully.,17-11-2025 10:36,Closed,28
INCB772A,Phishing email reported by user,Potential data breach detected. 4864 records may be compromised. Immediate investigation required.,Security,Critical,Contained potential breach. Conducted forensic analysis and implemented additional monitoring.,16-05-2025 10:36,Resolved,66
INCF806W,Security patch deployment required,Potential data breach detected. 4580 records may be compromised. Immediate investigation required.,Security,High,Renewed SSL certificate for api.company.com. Certificate installed and verified across all services.,04-08-2025 10:36,Closed,24
INCZ579Z,VPN connection issues for remote users,Potential data breach detected. 4455 records may be compromised. Immediate investigation required.,Security,Low,Fixed antivirus update service and deployed latest definitions to all 12 workstations.,03-07-2025 10:36,Resolved,31
INCJ849U,Antivirus signature update failed,Potential data breach detected. 3687 records may be compromised. Immediate investigation required.,Security,High,Blocked IP address [ip_address] and implemented account lockout policy. User account secured.,07-08-2025 10:36,Resolved,50
INCC322I,VPN connection issues for remote users,Potential data breach detected. 3559 records may be compromised. Immediate investigation required.,Security,High,Contained potential breach. Conducted forensic analysis and implemented additional monitoring.,07-10-2025 10:36,Closed,24
INCM658Z,Security patch deployment required,Potential data breach detected. 2823 records may be compromised. Immediate investigation required.,Security,Low,Disabled compromised account 22 and initiated password reset. Access logs reviewed.,26-02-2026 10:36,Closed,67
INCK695T,SSL certificate expiring for mail.company.com,Potential data breach detected. 2812 records may be compromised. Immediate investigation required.,Security,Critical,Updated firewall rules to restrict [port] access to authorized sources only. Security posture improved.,04-09-2025 10:36,Resolved,69
INCL543Q,Firewall rule review required,Potential data breach detected. 2105 records may be compromised. Immediate investigation required.,Security,Critical,Confirmed phishing attempt. Blocked sender and updated email filters. User security training scheduled.,24-09-2025 10:36,Resolved,49
INCV863R,VPN connection issues for remote users,Potential data breach detected. 1376 records may be compromised. Immediate investigation required.,Security,High,Fixed antivirus update service and deployed latest definitions to all 37 workstations.,02-08-2025 10:36,Closed,68
INCP250Z,Phishing email reported by user,Potential data breach detected. 1365 records may be compromised. Immediate investigation required.,Security,Medium,Restarted VPN authentication services. All remote users now able to connect successfully.,20-03-2025 10:36,Closed,71
INCM071E,VPN connection issues for remote users,Potential data breach detected. 1082 records may be compromised. Immediate investigation required.,Security,High,Renewed SSL certificate for company.com. Certificate installed and verified across all services.,04-02-2026 10:36,Resolved,44
INCK953D,Unauthorized access attempt on AWS Console,Potential data breach detected. 1032 records may be compromised. Immediate investigation required.,Security,Low,Blocked IP address [ip_address] and implemented account lockout policy. User account secured.,23-12-2025 10:36,Resolved,72
INCC920C,Wireless connectivity issues in [area],Port [port_number] on switch SW-MGMT-01 non-functional. 42 devices disconnected.,Network,Critical,Relocated wireless access point and adjusted antenna positioning. Signal strength improved in [area].,31-12-2025 10:36,Closed,54
INCV163A,High latency on network segment [segment],Port [port_number] on switch SW-MGMT-01 non-functional. 15 devices disconnected.,Network,High,Updated routing tables on [router]. Traffic now following optimal paths to [destination].,18-03-2026 10:36,Resolved,53
INCO208K,DHCP pool exhausted in [subnet],Port [port_number] on switch SW-DMZ-01 non-functional. 37 devices disconnected.,Network,High,Updated routing tables on [router]. Traffic now following optimal paths to [destination].,16-03-2026 10:36,Closed,30
INCY266W,VLAN configuration error on SW-DMZ-01,Port [port_number] on switch SW-DMZ-01 non-functional. 35 devices disconnected.,Network,High,Fixed DNS server configuration and cleared cache. Domain mail.company.com resolution working normally.,05-01-2026 10:36,Resolved,48
INCD242M,Network connectivity issues in Building A,Port [port_number] on switch SW-DMZ-01 non-functional. 29 devices disconnected.,Network,High,Replaced faulty port module on SW-MGMT-01. All 46 devices reconnected successfully.,15-04-2025 10:36,Closed,49
INCI902O,High latency on network segment [segment],Port [port_number] on switch SW-DMZ-01 non-functional. 26 devices disconnected.,Network,High,Fixed DNS server configuration and cleared cache. Domain app.company.com resolution working normally.,07-01-2026 10:36,Closed,28
INCX946K,Switch port failure on SW-MGMT-01,Port [port_number] on switch SW-CORE-01 non-functional. 9 devices disconnected.,Network,Low,Identified faulty network cable and replaced. Connectivity restored to Branch Office with 0% packet loss.,13-02-2026 10:36,Closed,45
INCL339V,Network connectivity issues in Building A,Port [port_number] on switch SW-CORE-01 non-functional. 50 devices disconnected.,Network,High,Fixed DNS server configuration and cleared cache. Domain api.company.com resolution working normally.,22-07-2025 10:36,Closed,17
INCV660J,Wireless connectivity issues in [area],Port [port_number] on switch SW-CORE-01 non-functional. 5 devices disconnected.,Network,Critical,Expanded DHCP pool range for subnet [subnet]. Additional 9 IP addresses available.,01-05-2025 10:36,Closed,17
INCU382O,Network connectivity issues in Branch Office,Port [port_number] on switch SW-CORE-01 non-functional. 46 devices disconnected.,Network,Medium,Identified faulty network cable and replaced. Connectivity restored to Branch Office with 0% packet loss.,13-09-2025 10:36,Resolved,23
INCK797F,Bandwidth utilization high on [interface],Port [port_number] on switch SW-CORE-01 non-functional. 26 devices disconnected.,Network,Low,Expanded DHCP pool range for subnet [subnet]. Additional 12 IP addresses available.,07-10-2025 10:36,Resolved,22
INCA114L,DNS resolution failures for mail.company.com,Port [port_number] on switch SW-ACCESS-02 non-functional. 6 devices disconnected.,Network,High,Updated routing tables on [router]. Traffic now following optimal paths to [destination].,30-11-2025 10:36,Resolved,23
INCB297M,Network connectivity issues in Building A,Port [port_number] on switch SW-ACCESS-02 non-functional. 48 devices disconnected.,Network,Medium,Replaced faulty port module on SW-MGMT-01. All 24 devices reconnected successfully.,27-05-2025 10:36,Closed,4
INCW436F,DNS resolution failures for company.com,Port [port_number] on switch SW-ACCESS-02 non-functional. 40 devices disconnected.,Network,Medium,Corrected VLAN [vlan_id] configuration on SW-ACCESS-02. Inter-VLAN routing restored.,04-02-2026 10:36,Resolved,38
INCS484H,High latency on network segment [segment],Port [port_number] on switch SW-ACCESS-02 non-functional. 40 devices disconnected.,Network,Medium,Updated routing tables on [router]. Traffic now following optimal paths to [destination].,12-05-2025 10:36,Closed,32
INCO349F,Bandwidth utilization high on [interface],Port [port_number] on switch SW-ACCESS-02 non-functional. 30 devices disconnected.,Network,Low,Updated routing tables on [router]. Traffic now following optimal paths to [destination].,24-12-2025 10:36,Closed,63
INCK247O,DHCP pool exhausted in [subnet],Port [port_number] on switch SW-ACCESS-02 non-functional. 16 devices disconnected.,Network,Low,Expanded DHCP pool range for subnet [subnet]. Additional 35 IP addresses available.,23-11-2025 10:36,Closed,53
INCP023C,Group membership review for [group_name],New employee sarah.johnson requires access to SAP. Role: [role]. Manager approval: [manager].,Access Management,High,Configured MFA for mike.wilson using [device_type]. Authentication testing successful.,19-10-2025 10:36,Closed,30
INCD426S,Role-based access review required,New employee sarah.johnson requires access to Oracle EBS. Role: [role]. Manager approval: [manager].,Access Management,Critical,Reset service account 38 password. Updated [dependent_services] service configurations.,24-02-2026 10:36,Closed,42
INCE579V,Privileged account audit request,New employee sarah.johnson requires access to Office 365. Role: [role]. Manager approval: [manager].,Access Management,Medium,Unlocked account for jane.smith after identity verification. Password reset completed successfully.,01-01-2026 10:36,Resolved,20
INCP451K,Permission escalation required for jane.smith,New employee sarah.johnson requires access to Active Directory. Role: [role]. Manager approval: [manager].,Access Management,Low,Completed [group_name] membership review. Removed 26 inactive members.,09-09-2025 10:36,Closed,49
INCA673R,Service account password reset,New employee sarah.johnson requires access to Active Directory. Role: [role]. Manager approval: [manager].,Access Management,Low,Configured MFA for david.brown using [device_type]. Authentication testing successful.,07-05-2025 10:36,Closed,40
INCJ716J,User access request for Active Directory,New employee sarah.johnson requires access to Active Directory. Role: [role]. Manager approval: [manager].,Access Management,Critical,Reset service account 11 password. Updated [dependent_services] service configurations.,17-07-2025 10:36,Closed,31
INCZ439R,Service account password reset,New employee sarah.johnson requires access to Active Directory. Role: [role]. Manager approval: [manager].,Access Management,Critical,Revoked all access for terminated employee david.brown. Access removal verified across all systems.,15-10-2025 10:36,Resolved,71
INCJ743J,Privileged account audit request,New employee mike.wilson requires access to SAP. Role: [role]. Manager approval: [manager].,Access Management,Medium,Granted temporary elevated permissions to jane.smith. Automatic revocation scheduled for [date].,26-12-2025 10:36,Closed,70
INCC395Q,Role-based access review required,New employee mike.wilson requires access to Oracle EBS. Role: [role]. Manager approval: [manager].,Access Management,Medium,Fixed SSO configuration for Active Directory. Identity provider integration restored successfully.,27-01-2026 10:36,Closed,53
INCB058L,Group membership review for [group_name],New employee mike.wilson requires access to AWS Console. Role: [role]. Manager approval: [manager].,Access Management,Critical,Granted sarah.johnson appropriate access to Active Directory based on role [role]. Manager approval verified.,19-06-2025 10:36,Closed,70
INCO323Y,Single sign-on configuration issue,New employee mike.wilson requires access to AWS Console. Role: [role]. Manager approval: [manager].,Access Management,Critical,Reset service account 14 password. Updated [dependent_services] service configurations.,08-08-2025 10:36,Resolved,56
INCC046U,Group membership review for [group_name],New employee john.doe requires access to Office 365. Role: [role]. Manager approval: [manager].,Access Management,Critical,Granted temporary elevated permissions to john.doe. Automatic revocation scheduled for [date].,13-06-2025 10:36,Closed,21
INCX052S,Account lockout for user david.brown,New employee john.doe requires access to Office 365. Role: [role]. Manager approval: [manager].,Access Management,High,Granted temporary elevated permissions to sarah.johnson. Automatic revocation scheduled for [date].,24-11-2025 10:36,Closed,37
INCU718R,Service account password reset,New employee john.doe requires access to AWS Console. Role: [role]. Manager approval: [manager].,Access Management,High,Completed privileged account audit. 40 findings documented and remediation planned.,10-03-2026 10:36,Closed,20
INCT905R,Single sign-on configuration issue,New employee john.doe requires access to AWS Console. Role: [role]. Manager approval: [manager].,Access Management,Medium,Completed role-based access review for [department]. 19 access changes implemented.,23-02-2026 10:36,Closed,59
INCC067J,Single sign-on configuration issue,New employee jane.smith requires access to SAP. Role: [role]. Manager approval: [manager].,Access Management,Critical,Revoked all access for terminated employee jane.smith. Access removal verified across all systems.,13-07-2025 10:36,Closed,6
INCS210C,Multi-factor authentication setup,New employee jane.smith requires access to AWS Console. Role: [role]. Manager approval: [manager].,Access Management,Medium,Revoked all access for terminated employee john.doe. Access removal verified across all systems.,21-12-2025 10:36,Closed,36
INCO423B,Permission escalation required for jane.smith,New employee david.brown requires access to AWS Console. Role: [role]. Manager approval: [manager].,Access Management,Low,Granted temporary elevated permissions to john.doe. Automatic revocation scheduled for [date].,25-07-2025 10:36,Closed,24
INCS565E,Bandwidth utilization high on [interface],Network latency on segment [segment] increased to 971ms. Application performance affected.,Network,High,Identified faulty network cable and replaced. Connectivity restored to Data Center with 0% packet loss.,06-11-2025 10:36,Closed,58
INCB991J,Network equipment overheating in Building A,Network latency on segment [segment] increased to 968ms. Application performance affected.,Network,Medium,Corrected VLAN [vlan_id] configuration on SW-DMZ-01. Inter-VLAN routing restored.,11-12-2025 10:36,Closed,6
INCH768O,DNS resolution failures for company.com,Network latency on segment [segment] increased to 945ms. Application performance affected.,Network,Low,Relocated wireless access point and adjusted antenna positioning. Signal strength improved in [area].,02-05-2025 10:36,Closed,18
INCJ226M,Wireless connectivity issues in [area],Network latency on segment [segment] increased to 890ms. Application performance affected.,Network,Medium,Updated routing tables on [router]. Traffic now following optimal paths to [destination].,02-07-2025 10:36,Closed,52
INCK421W,VLAN configuration error on SW-ACCESS-02,Network latency on segment [segment] increased to 803ms. Application performance affected.,Network,Low,Improved ventilation and cleaned equipment fans. Temperature normalized in Building B.,25-04-2025 10:36,Resolved,24
INCM613B,Network connectivity issues in Building A,Network latency on segment [segment] increased to 800ms. Application performance affected.,Network,High,Identified faulty network cable and replaced. Connectivity restored to Building A with 0% packet loss.,21-09-2025 10:36,Closed,44
INCP105A,High latency on network segment [segment],Network latency on segment [segment] increased to 701ms. Application performance affected.,Network,Medium,Implemented traffic shaping and upgraded [interface] bandwidth. Utilization reduced to 91%.,22-08-2025 10:36,Resolved,9
INCX921J,Bandwidth utilization high on [interface],Network latency on segment [segment] increased to 653ms. Application performance affected.,Network,Medium,Improved ventilation and cleaned equipment fans. Temperature normalized in Branch Office.,15-12-2025 10:36,Resolved,30
INCD961E,VLAN configuration error on SW-ACCESS-02,Network latency on segment [segment] increased to 529ms. Application performance affected.,Network,Critical,Fixed DNS server configuration and cleared cache. Domain mail.company.com resolution working normally.,19-04-2025 10:36,Resolved,59
INCY675V,DNS resolution failures for company.com,Network latency on segment [segment] increased to 523ms. Application performance affected.,Network,High,Expanded DHCP pool range for subnet [subnet]. Additional 13 IP addresses available.,19-02-2026 10:36,Resolved,21
INCY078S,Routing table corruption on [router],Network latency on segment [segment] increased to 491ms. Application performance affected.,Network,Medium,Optimized QoS settings and upgraded interface capacity. Latency reduced to 617ms.,01-06-2025 10:36,Closed,35
INCO955K,Network connectivity issues in Remote Site,Network latency on segment [segment] increased to 464ms. Application performance affected.,Network,Critical,Replaced faulty port module on SW-ACCESS-02. All 36 devices reconnected successfully.,25-08-2025 10:36,Resolved,67
INCH204A,Network equipment overheating in Building A,Network latency on segment [segment] increased to 397ms. Application performance affected.,Network,High,Implemented traffic shaping and upgraded [interface] bandwidth. Utilization reduced to 78%.,16-10-2025 10:36,Closed,5
INCO082T,Bandwidth utilization high on [interface],Network latency on segment [segment] increased to 336ms. Application performance affected.,Network,Critical,Replaced faulty port module on SW-ACCESS-02. All 9 devices reconnected successfully.,17-10-2025 10:36,Closed,1
INCK676J,High latency on network segment [segment],Network latency on segment [segment] increased to 302ms. Application performance affected.,Network,Low,Corrected VLAN [vlan_id] configuration on SW-MGMT-01. Inter-VLAN routing restored.,21-12-2025 10:36,Closed,37
INCI201U,High latency on network segment [segment],Network latency on segment [segment] increased to 263ms. Application performance affected.,Network,Low,Relocated wireless access point and adjusted antenna positioning. Signal strength improved in [area].,16-12-2025 10:36,Closed,50
INCN063G,Network connectivity issues in Remote Site,Network equipment in Remote Site overheating. Temperature reading 30°C above normal.,Network,High,Replaced faulty port module on SW-MGMT-01. All 15 devices reconnected successfully.,01-09-2025 10:36,Closed,48
INCP812Z,High latency on network segment [segment],Network equipment in Remote Site overheating. Temperature reading 26°C above normal.,Network,Low,Corrected VLAN [vlan_id] configuration on SW-MGMT-01. Inter-VLAN routing restored.,01-02-2026 10:36,Closed,30
INCN702D,High latency on network segment [segment],Network equipment in Remote Site overheating. Temperature reading 21°C above normal.,Network,High,Expanded DHCP pool range for subnet [subnet]. Additional 12 IP addresses available.,16-06-2025 10:36,Closed,52
INCM418Y,Network equipment overheating in Remote Site,Network equipment in Data Center overheating. Temperature reading 32°C above normal.,Network,High,Replaced faulty port module on SW-ACCESS-02. All 15 devices reconnected successfully.,13-02-2026 10:36,Closed,65
INCW326X,DHCP pool exhausted in [subnet],Network equipment in Data Center overheating. Temperature reading 20°C above normal.,Network,Medium,Expanded DHCP pool range for subnet [subnet]. Additional 17 IP addresses available.,03-09-2025 10:36,Resolved,17
INCC875H,Routing table corruption on [router],Network equipment in Building B overheating. Temperature reading 33°C above normal.,Network,Low,Optimized QoS settings and upgraded interface capacity. Latency reduced to 625ms.,11-03-2026 10:36,Resolved,7
INCQ667O,VLAN configuration error on SW-DMZ-01,Network equipment in Building B overheating. Temperature reading 33°C above normal.,Network,Critical,Updated routing tables on [router]. Traffic now following optimal paths to [destination].,13-11-2025 10:36,Closed,23
INCS284Z,Wireless connectivity issues in [area],Network equipment in Building B overheating. Temperature reading 32°C above normal.,Network,Critical,Updated routing tables on [router]. Traffic now following optimal paths to [destination].,30-12-2025 10:36,Closed,45
INCM745K,Routing table corruption on [router],Network equipment in Building B overheating. Temperature reading 31°C above normal.,Network,High,Relocated wireless access point and adjusted antenna positioning. Signal strength improved in [area].,26-02-2026 10:36,Closed,9
INCU666Y,Bandwidth utilization high on [interface],Network equipment in Building B overheating. Temperature reading 29°C above normal.,Network,Medium,Identified faulty network cable and replaced. Connectivity restored to Branch Office with 0% packet loss.,22-06-2025 10:36,Resolved,66
INCJ257H,Network equipment overheating in Remote Site,Network equipment in Building B overheating. Temperature reading 28°C above normal.,Network,Medium,Replaced faulty port module on SW-DMZ-01. All 43 devices reconnected successfully.,21-08-2025 10:36,Closed,48
INCT319L,DHCP pool exhausted in [subnet],Network equipment in Building B overheating. Temperature reading 25°C above normal.,Network,Critical,Improved ventilation and cleaned equipment fans. Temperature normalized in Data Center.,24-06-2025 10:36,Closed,36
INCC254D,Switch port failure on SW-MGMT-01,Network equipment in Building A overheating. Temperature reading 23°C above normal.,Network,High,Implemented traffic shaping and upgraded [interface] bandwidth. Utilization reduced to 70%.,04-10-2025 10:36,Closed,61
INCY495O,DNS resolution failures for company.com,Network equipment in Building A overheating. Temperature reading 15°C above normal.,Network,Medium,Improved ventilation and cleaned equipment fans. Temperature normalized in Branch Office.,16-07-2025 10:36,Resolved,30
INCC522U,High latency on network segment [segment],Network equipment in Branch Office overheating. Temperature reading 33°C above normal.,Network,Medium,Corrected VLAN [vlan_id] configuration on SW-CORE-01. Inter-VLAN routing restored.,27-09-2025 10:36,Closed,8
INCJ504D,High latency on network segment [segment],Network equipment in Branch Office overheating. Temperature reading 30°C above normal.,Network,Critical,Optimized QoS settings and upgraded interface capacity. Latency reduced to 328ms.,17-11-2025 10:36,Resolved,9
INCS624V,DHCP pool exhausted in [subnet],Network equipment in Branch Office overheating. Temperature reading 30°C above normal.,Network,Medium,Replaced faulty port module on SW-MGMT-01. All 25 devices reconnected successfully.,09-08-2025 10:36,Resolved,59
INCK058B,DHCP pool exhausted in [subnet],Network equipment in Branch Office overheating. Temperature reading 26°C above normal.,Network,Medium,Optimized QoS settings and upgraded interface capacity. Latency reduced to 352ms.,21-01-2026 10:36,Closed,50
INCM080R,Network equipment overheating in Data Center,Network equipment in Branch Office overheating. Temperature reading 17°C above normal.,Network,Critical,Expanded DHCP pool range for subnet [subnet]. Additional 26 IP addresses available.,11-09-2025 10:36,Resolved,72
INCI185S,Suspicious login attempts detected,Multiple failed login attempts detected for user sarah.johnson from IP [ip_address]. Potential brute force attack.,Security,Critical,Applied critical security patch for CVE-[cve_id]. System vulnerability resolved and verified.,26-04-2025 10:36,Closed,42
INCC629T,SSL certificate expiring for api.company.com,Multiple failed login attempts detected for user mike.wilson from IP [ip_address]. Potential brute force attack.,Security,High,Confirmed phishing attempt. Blocked sender and updated email filters. User security training scheduled.,30-10-2025 10:36,Resolved,66
INCK681I,Security patch deployment required,Multiple failed login attempts detected for user mike.wilson from IP [ip_address]. Potential brute force attack.,Security,High,Renewed SSL certificate for mail.company.com. Certificate installed and verified across all services.,10-02-2026 10:36,Closed,52
INCN497A,Phishing email reported by user,Multiple failed login attempts detected for user mike.wilson from IP [ip_address]. Potential brute force attack.,Security,High,Restarted VPN authentication services. All remote users now able to connect successfully.,25-06-2025 10:36,Resolved,63
INCT576D,Security patch deployment required,Multiple failed login attempts detected for user john.doe from IP [ip_address]. Potential brute force attack.,Security,Low,Blocked IP address [ip_address] and implemented account lockout policy. User account secured.,01-04-2025 10:36,Resolved,60
INCG385N,Data breach investigation required,Multiple failed login attempts detected for user john.doe from IP [ip_address]. Potential brute force attack.,Security,Medium,Blocked IP address [ip_address] and implemented account lockout policy. User account secured.,29-05-2025 10:36,Closed,43
INCJ408V,Firewall rule review required,Multiple failed login attempts detected for user john.doe from IP [ip_address]. Potential brute force attack.,Security,Critical,Fixed antivirus update service and deployed latest definitions to all 26 workstations.,11-08-2025 10:36,Closed,66
INCI587H,Malware detected on workstation WS-004,Multiple failed login attempts detected for user john.doe from IP [ip_address]. Potential brute force attack.,Security,High,Fixed antivirus update service and deployed latest definitions to all 38 workstations.,25-07-2025 10:36,Closed,33
INCD738G,Malware detected on workstation WS-002,Multiple failed login attempts detected for user john.doe from IP [ip_address]. Potential brute force attack.,Security,Medium,Renewed SSL certificate for app.company.com. Certificate installed and verified across all services.,20-06-2025 10:36,Closed,40
INCQ572V,VPN connection issues for remote users,Multiple failed login attempts detected for user jane.smith from IP [ip_address]. Potential brute force attack.,Security,High,Renewed SSL certificate for api.company.com. Certificate installed and verified across all services.,23-04-2025 10:36,Resolved,21
INCL131Y,Firewall rule review required,Multiple failed login attempts detected for user jane.smith from IP [ip_address]. Potential brute force attack.,Security,Critical,Renewed SSL certificate for mail.company.com. Certificate installed and verified across all services.,02-09-2025 10:36,Resolved,29
INCM406W,SSL certificate expiring for mail.company.com,Multiple failed login attempts detected for user david.brown from IP [ip_address]. Potential brute force attack.,Security,High,Applied critical security patch for CVE-[cve_id]. System vulnerability resolved and verified.,02-12-2025 10:36,Resolved,57
INCN514B,Data breach investigation required,Multiple failed login attempts detected for user david.brown from IP [ip_address]. Potential brute force attack.,Security,Low,Applied critical security patch for CVE-[cve_id]. System vulnerability resolved and verified.,02-04-2025 10:36,Closed,60
INCE076P,Malware detected on workstation WS-001,Multiple failed login attempts detected for user david.brown from IP [ip_address]. Potential brute force attack.,Security,High,Blocked IP address [ip_address] and implemented account lockout policy. User account secured.,06-01-2026 10:36,Closed,2
INCP492G,VPN connection issues for remote users,Multiple failed login attempts detected for user david.brown from IP [ip_address]. Potential brute force attack.,Security,Low,Contained potential breach. Conducted forensic analysis and implemented additional monitoring.,04-12-2025 10:36,Resolved,17
INCU603V,Antivirus signature update failed,Multiple failed login attempts detected for user david.brown from IP [ip_address]. Potential brute force attack.,Security,Low,Fixed antivirus update service and deployed latest definitions to all 17 workstations.,26-05-2025 10:36,Closed,26
INCI045A,Phishing email reported by user,Multiple failed login attempts detected for user david.brown from IP [ip_address]. Potential brute force attack.,Security,High,Renewed SSL certificate for api.company.com. Certificate installed and verified across all services.,23-02-2026 10:36,Resolved,23
INCL062M,SSL certificate expiring for company.com,Multiple failed login attempts detected for user david.brown from IP [ip_address]. Potential brute force attack.,Security,Medium,Renewed SSL certificate for app.company.com. Certificate installed and verified across all services.,04-04-2025 10:36,Closed,4
INCU310T,Database space running low - CustomerDB,Migration of UserDB from version [old_version] to [new_version] failed during [stage] phase.,Database,Critical,Rebuilt fragmented indexes during maintenance window. Query performance restored to baseline.,03-10-2025 10:36,Resolved,42
INCZ874N,Database migration failed for CustomerDB,Migration of UserDB from version [old_version] to [new_version] failed during [stage] phase.,Database,Critical,Rebuilt fragmented indexes during maintenance window. Query performance restored to baseline.,14-09-2025 10:36,Closed,39
INCP934S,Database space running low - InventoryDB,Migration of UserDB from version [old_version] to [new_version] failed during [stage] phase.,Database,Medium,Resolved migration issues and successfully upgraded CustomerDB to version [new_version].,28-04-2025 10:36,Resolved,40
INCU801Y,Data corruption detected in AnalyticsDB,Migration of UserDB from version [old_version] to [new_version] failed during [stage] phase.,Database,High,Restored affected records from backup and ran full data integrity check. Corruption resolved.,25-01-2026 10:36,Resolved,14
INCA877Y,Database migration failed for InventoryDB,Migration of ProductionDB from version [old_version] to [new_version] failed during [stage] phase.,Database,High,Identified problematic queries and optimized transaction isolation levels. Deadlock frequency reduced.,19-05-2025 10:36,Closed,24
INCH841B,Database backup failed for ProductionDB,Migration of ProductionDB from version [old_version] to [new_version] failed during [stage] phase.,Database,Medium,Rebuilt fragmented indexes during maintenance window. Query performance restored to baseline.,13-03-2026 10:36,Resolved,35
INCW935Z,Data corruption detected in CustomerDB,Migration of ProductionDB from version [old_version] to [new_version] failed during [stage] phase.,Database,Medium,Rebuilt fragmented indexes during maintenance window. Query performance restored to baseline.,03-08-2025 10:36,Closed,48
INCN462H,Database migration failed for ProductionDB,Migration of ProductionDB from version [old_version] to [new_version] failed during [stage] phase.,Database,Low,Rebuilt indexes on [table_name] and optimized query execution plans. Performance improved 71%.,12-08-2025 10:36,Resolved,31
INCY074O,Database backup failed for UserDB,Migration of InventoryDB from version [old_version] to [new_version] failed during [stage] phase.,Database,Medium,Restored affected records from backup and ran full data integrity check. Corruption resolved.,10-11-2025 10:36,Closed,2
INCK795S,Query performance degradation on CustomerDB,Migration of CustomerDB from version [old_version] to [new_version] failed during [stage] phase.,Database,Medium,Configured transaction log backup and implemented log management. Log space issues resolved.,01-03-2026 10:36,Resolved,52
INCO388I,Database migration failed for InventoryDB,Migration of CustomerDB from version [old_version] to [new_version] failed during [stage] phase.,Database,Critical,Fixed backup script configuration and verified storage connectivity. Backup completed successfully.,16-08-2025 10:36,Resolved,51
INCC609C,Database backup failed for ProductionDB,Migration of CustomerDB from version [old_version] to [new_version] failed during [stage] phase.,Database,Critical,Rebuilt fragmented indexes during maintenance window. Query performance restored to baseline.,04-08-2025 10:36,Closed,24
INCX347H,Database space running low - ProductionDB,Migration of AnalyticsDB from version [old_version] to [new_version] failed during [stage] phase.,Database,High,Configured transaction log backup and implemented log management. Log space issues resolved.,02-02-2026 10:36,Resolved,70
INCV434P,Data corruption detected in InventoryDB,Migration of AnalyticsDB from version [old_version] to [new_version] failed during [stage] phase.,Database,High,Identified problematic queries and optimized transaction isolation levels. Deadlock frequency reduced.,07-10-2025 10:36,Resolved,45
INCC764Q,Hardware failure detected on MAIL-SRV-02,Memory consumption increasing steadily on PROD-WEB-01. 32GB RAM utilized. Application restart may be needed.,Infrastructure,Critical,Cleaned up temporary files and logs. Implemented automated cleanup scripts and storage monitoring.,15-01-2026 10:36,Closed,53
INCG530L,Server down - APP-SRV-03,Memory consumption increasing steadily on PROD-WEB-01. 26GB RAM utilized. Application restart may be needed.,Infrastructure,Critical,Restarted Database Service service and verified functionality. Implemented monitoring alerts for early detection.,31-07-2025 10:36,Resolved,22
INCB706L,Power outage affecting datacenter rack R3,Memory consumption increasing steadily on PROD-WEB-01. 12GB RAM utilized. Application restart may be needed.,Infrastructure,Critical,Cleaned up temporary files and logs. Implemented automated cleanup scripts and storage monitoring.,24-07-2025 10:36,Resolved,22
INCK638W,Disk space full on FILE-SRV-01,Memory consumption increasing steadily on MAIL-SRV-02. 23GB RAM utilized. Application restart may be needed.,Infrastructure,Critical,Replaced faulty hardware component. Ran full diagnostics and confirmed system stability.,10-09-2025 10:36,Closed,55
INCN179G,Memory leak detected on APP-SRV-03,Memory consumption increasing steadily on MAIL-SRV-02. 15GB RAM utilized. Application restart may be needed.,Infrastructure,Low,Restored network connectivity. Updated routing tables and verified server accessibility.,23-01-2026 10:36,Closed,23
INCT156Y,Server APP-SRV-03 not responding,Memory consumption increasing steadily on MAIL-SRV-02. 13GB RAM utilized. Application restart may be needed.,Infrastructure,Medium,Identified resource-intensive processes. Optimized configurations and added resource monitoring.,01-06-2025 10:36,Closed,9
INCY164I,Storage array performance issues,Memory consumption increasing steadily on FILE-SRV-01. 32GB RAM utilized. Application restart may be needed.,Infrastructure,Medium,Balanced storage load across arrays. Optimized IOPS distribution and added performance monitoring.,15-08-2025 10:36,Closed,46
INCP527O,Hardware failure detected on FILE-SRV-01,Memory consumption increasing steadily on FILE-SRV-01. 23GB RAM utilized. Application restart may be needed.,Infrastructure,Critical,Scheduled maintenance window. Successfully migrated VM with zero data loss.,13-01-2026 10:36,Closed,63
INCK937T,Storage array performance issues,Memory consumption increasing steadily on FILE-SRV-01. 22GB RAM utilized. Application restart may be needed.,Infrastructure,Low,Restarted File Service service and verified functionality. Implemented monitoring alerts for early detection.,06-12-2025 10:36,Closed,9
INCK096R,Backup failed for PROD-WEB-01,Memory consumption increasing steadily on DB-SERVER-02. 29GB RAM utilized. Application restart may be needed.,Infrastructure,Medium,Replaced faulty hardware component. Ran full diagnostics and confirmed system stability.,12-12-2025 10:36,Closed,60
INCL976E,VM migration required for FILE-SRV-01,Memory consumption increasing steadily on DB-SERVER-02. 27GB RAM utilized. Application restart may be needed.,Infrastructure,Critical,Identified resource-intensive processes. Optimized configurations and added resource monitoring.,28-12-2025 10:36,Closed,59
INCW502O,Disk space full on APP-SRV-03,Memory consumption increasing steadily on DB-SERVER-02. 18GB RAM utilized. Application restart may be needed.,Infrastructure,High,Replaced faulty hardware component. Ran full diagnostics and confirmed system stability.,21-12-2025 10:36,Closed,56
INCJ954V,Backup failed for APP-SRV-03,Memory consumption increasing steadily on DB-SERVER-02. 18GB RAM utilized. Application restart may be needed.,Infrastructure,Medium,Restarted Web Service service and verified functionality. Implemented monitoring alerts for early detection.,13-08-2025 10:36,Resolved,71
INCJ033H,Disk space full on APP-SRV-03,Memory consumption increasing steadily on DB-SERVER-02. 18GB RAM utilized. Application restart may be needed.,Infrastructure,Critical,Scheduled maintenance window. Successfully migrated VM with zero data loss.,22-11-2025 10:36,Closed,32
INCH069B,High CPU usage on MAIL-SRV-02,Memory consumption increasing steadily on DB-SERVER-02. 17GB RAM utilized. Application restart may be needed.,Infrastructure,Low,Fixed backup script permissions. Re-ran backup job successfully and verified data integrity.,12-01-2026 10:36,Closed,47
INCZ376N,Server MAIL-SRV-02 not responding,Memory consumption increasing steadily on DB-SERVER-02. 12GB RAM utilized. Application restart may be needed.,Infrastructure,Critical,Fixed backup script permissions. Re-ran backup job successfully and verified data integrity.,22-03-2025 10:36,Closed,24
INCU268F,Memory leak detected on APP-SRV-03,Memory consumption increasing steadily on DB-SERVER-02. 12GB RAM utilized. Application restart may be needed.,Infrastructure,Medium,Identified resource-intensive processes. Optimized configurations and added resource monitoring.,24-03-2025 10:36,Closed,62
INCY688I,High CPU usage on PROD-WEB-01,Memory consumption increasing steadily on APP-SRV-03. 23GB RAM utilized. Application restart may be needed.,Infrastructure,Critical,Restored network connectivity. Updated routing tables and verified server accessibility.,29-04-2025 10:36,Closed,26
INCZ302X,Backup failed for MAIL-SRV-02,Memory consumption increasing steadily on APP-SRV-03. 23GB RAM utilized. Application restart may be needed.,Infrastructure,Low,Scheduled maintenance window. Successfully migrated VM with zero data loss.,18-07-2025 10:36,Resolved,32
INCD414A,Backup failed for FILE-SRV-01,Memory consumption increasing steadily on APP-SRV-03. 13GB RAM utilized. Application restart may be needed.,Infrastructure,Low,Identified resource-intensive processes. Optimized configurations and added resource monitoring.,22-12-2025 10:36,Closed,70
INCZ892H,Wireless connectivity issues in [area],Interface [interface] showing 95% bandwidth utilization. Network congestion detected.,Network,Low,Improved ventilation and cleaned equipment fans. Temperature normalized in Building B.,16-02-2026 10:36,Resolved,35
INCN888X,VLAN configuration error on SW-MGMT-01,Interface [interface] showing 94% bandwidth utilization. Network congestion detected.,Network,Medium,Optimized QoS settings and upgraded interface capacity. Latency reduced to 710ms.,21-12-2025 10:36,Closed,44
INCS306U,DNS resolution failures for api.company.com,Interface [interface] showing 91% bandwidth utilization. Network congestion detected.,Network,Medium,Optimized QoS settings and upgraded interface capacity. Latency reduced to 956ms.,23-02-2026 10:36,Resolved,13
INCX648A,VLAN configuration error on SW-MGMT-01,Interface [interface] showing 86% bandwidth utilization. Network congestion detected.,Network,High,Updated routing tables on [router]. Traffic now following optimal paths to [destination].,11-10-2025 10:36,Resolved,20
INCB420L,High latency on network segment [segment],Interface [interface] showing 83% bandwidth utilization. Network congestion detected.,Network,High,Updated routing tables on [router]. Traffic now following optimal paths to [destination].,16-08-2025 10:36,Resolved,55
INCU812T,Switch port failure on SW-DMZ-01,Interface [interface] showing 81% bandwidth utilization. Network congestion detected.,Network,Critical,Implemented traffic shaping and upgraded [interface] bandwidth. Utilization reduced to 95%.,12-04-2025 10:36,Closed,61
INCB140W,Switch port failure on SW-ACCESS-02,Interface [interface] showing 80% bandwidth utilization. Network congestion detected.,Network,High,Corrected VLAN [vlan_id] configuration on SW-CORE-01. Inter-VLAN routing restored.,06-11-2025 10:36,Resolved,7
INCB155E,Wireless connectivity issues in [area],Interface [interface] showing 80% bandwidth utilization. Network congestion detected.,Network,Medium,Corrected VLAN [vlan_id] configuration on SW-MGMT-01. Inter-VLAN routing restored.,01-12-2025 10:36,Closed,28
INCB246S,Network connectivity issues in Building B,Interface [interface] showing 75% bandwidth utilization. Network congestion detected.,Network,Low,Replaced faulty port module on SW-MGMT-01. All 19 devices reconnected successfully.,27-10-2025 10:36,Closed,56
INCZ142H,DNS resolution failures for app.company.com,Interface [interface] showing 74% bandwidth utilization. Network congestion detected.,Network,Medium,Expanded DHCP pool range for subnet [subnet]. Additional 42 IP addresses available.,04-04-2025 10:36,Closed,64
INCN601X,Routing table corruption on [router],Interface [interface] showing 71% bandwidth utilization. Network congestion detected.,Network,Medium,Replaced faulty port module on SW-DMZ-01. All 40 devices reconnected successfully.,19-07-2025 10:36,Closed,45
INCU172S,Confluence application error - [error_type],Integration between SharePoint and File Service broken. Data exchange failing with error ERR_002.,Application,Medium,Fixed [error_type] by updating application configuration. Deployed hotfix and verified error resolution.,19-04-2025 10:36,Resolved,69
INCG855E,Salesforce deployment failed,Integration between SharePoint and API Service broken. Data exchange failing with error ERR_001.,Application,High,Optimized database queries and application caching. Performance improved by 36%.,08-10-2025 10:36,Closed,46
INCM344A,User unable to login to Salesforce,Integration between Salesforce and Web Service broken. Data exchange failing with error ERR_001.,Application,Low,Reset user credentials and cleared authentication cache. User successfully logged in.,13-06-2025 10:36,Resolved,54
INCB845A,ERP database connection failed,Integration between Salesforce and Mail Service broken. Data exchange failing with error ERR_001.,Application,Critical,Reconfigured integration settings. Data exchange between SharePoint and Web Service restored.,27-11-2025 10:36,Closed,17
INCW393P,Confluence application error - [error_type],Integration between Jira and File Service broken. Data exchange failing with error ERR_001.,Application,Low,Increased API timeout values and optimized service calls. API response times now within acceptable range.,14-04-2025 10:36,Resolved,27
INCI846E,User unable to login to CRM,Integration between Jira and Database Service broken. Data exchange failing with error ERR_004.,Application,Critical,Restarted database connection pool. Fixed connection string configuration and verified connectivity.,27-02-2026 10:36,Resolved,46
INCT523D,HRMS application error - [error_type],Integration between Jenkins and Web Service broken. Data exchange failing with error ERR_004.,Application,Low,Optimized database queries and application caching. Performance improved by 40%.,23-02-2026 10:36,Closed,69
INCB129C,API timeout in Salesforce,Integration between Jenkins and Mail Service broken. Data exchange failing with error ERR_001.,Application,High,Restarted database connection pool. Fixed connection string configuration and verified connectivity.,21-11-2025 10:36,Closed,39
INCO265Y,SharePoint database connection failed,Integration between Jenkins and File Service broken. Data exchange failing with error ERR_001.,Application,Critical,Investigated deployment pipeline. Fixed configuration issue and successfully deployed version [version].,10-12-2025 10:36,Closed,55
INCM924B,Integration failure between Salesforce and Database Service,Integration between Jenkins and Database Service broken. Data exchange failing with error ERR_004.,Application,Medium,Reset user credentials and cleared authentication cache. User successfully logged in.,03-08-2025 10:36,Closed,44
INCC442D,Feature not working in Salesforce,Integration between Jenkins and API Service broken. Data exchange failing with error ERR_004.,Application,Critical,Corrected sync problem by increasing API rate limits and optimizing sync batch processing. All pending updates processed. Added performance monitoring.,10-10-2025 10:36,Closed,60
INCQ572T,User unable to login to SharePoint,Integration between ERP and Mail Service broken. Data exchange failing with error ERR_003.,Application,Medium,Optimized database queries and application caching. Performance improved by 53%.,20-06-2025 10:36,Closed,49
INCY573N,HRMS UI rendering problems,Integration between ERP and Mail Service broken. Data exchange failing with error ERR_001.,Application,Medium,Increased API timeout values and optimized service calls. API response times now within acceptable range.,03-05-2025 10:36,Resolved,31
INCN225O,Jira database connection failed,Integration between ERP and API Service broken. Data exchange failing with error ERR_001.,Application,Critical,Restarted database connection pool. Fixed connection string configuration and verified connectivity.,29-06-2025 10:36,Closed,12
INCI425P,Performance issues with Salesforce,Integration between CRM and File Service broken. Data exchange failing with error ERR_003.,Application,Critical,Reset user credentials and cleared authentication cache. User successfully logged in.,23-02-2026 10:36,Closed,16
INCC480O,Performance issues with Salesforce,Integration between Confluence and Mail Service broken. Data exchange failing with error ERR_003.,Application,Critical,Fixed [error_type] by updating application configuration. Deployed hotfix and verified error resolution.,12-02-2026 10:36,Closed,5
INCS593V,Database connection timeout - ProductionDB,Index fragmentation on [table_name] exceeds threshold. Query performance severely impacted.,Database,Medium,Added additional storage and configured automatic growth. Space monitoring alerts implemented.,02-02-2026 10:36,Resolved,53
INCK762P,Database backup failed for ProductionDB,Index fragmentation on [table_name] exceeds threshold. Query performance severely impacted.,Database,High,Added additional storage and configured automatic growth. Space monitoring alerts implemented.,15-06-2025 10:36,Closed,23
INCO905L,Data corruption detected in UserDB,Index fragmentation on [table_name] exceeds threshold. Query performance severely impacted.,Database,Low,Added additional storage and configured automatic growth. Space monitoring alerts implemented.,06-05-2025 10:36,Resolved,18
INCR703X,Database space running low - CustomerDB,Index fragmentation on [table_name] exceeds threshold. Query performance severely impacted.,Database,High,Configured transaction log backup and implemented log management. Log space issues resolved.,23-10-2025 10:36,Closed,14
INCS567Z,Data corruption detected in CustomerDB,Index fragmentation on [table_name] exceeds threshold. Query performance severely impacted.,Database,Critical,Configured transaction log backup and implemented log management. Log space issues resolved.,12-01-2026 10:36,Closed,32
INCX250F,Replication lag in UserDB cluster,Index fragmentation on [table_name] exceeds threshold. Query performance severely impacted.,Database,High,Fixed backup script configuration and verified storage connectivity. Backup completed successfully.,20-01-2026 10:36,Resolved,61
INCH144D,Database backup failed for CustomerDB,Index fragmentation on [table_name] exceeds threshold. Query performance severely impacted.,Database,Low,Fixed backup script configuration and verified storage connectivity. Backup completed successfully.,03-10-2025 10:36,Closed,32
INCR036L,Database space running low - CustomerDB,Index fragmentation on [table_name] exceeds threshold. Query performance severely impacted.,Database,Critical,Identified problematic queries and optimized transaction isolation levels. Deadlock frequency reduced.,08-12-2025 10:36,Closed,33
INCF988B,Data corruption detected in InventoryDB,Index fragmentation on [table_name] exceeds threshold. Query performance severely impacted.,Database,Medium,Identified problematic queries and optimized transaction isolation levels. Deadlock frequency reduced.,21-02-2026 10:36,Closed,55
INCX269Q,Data corruption detected in CustomerDB,Index fragmentation on [table_name] exceeds threshold. Query performance severely impacted.,Database,Medium,Optimized connection pool settings and restarted database services. Connection stability restored.,14-04-2025 10:36,Resolved,17
INCT914Q,Transaction log full in UserDB,Index fragmentation on [table_name] exceeds threshold. Query performance severely impacted.,Database,Critical,Optimized replication settings and network connectivity. Lag reduced to acceptable levels.,06-11-2025 10:36,Closed,40
INCU100B,Index rebuild required for CustomerDB,Index fragmentation on [table_name] exceeds threshold. Query performance severely impacted.,Database,Medium,Optimized replication settings and network connectivity. Lag reduced to acceptable levels.,07-05-2025 10:36,Closed,65
INCH220S,Database backup failed for AnalyticsDB,Index fragmentation on [table_name] exceeds threshold. Query performance severely impacted.,Database,Critical,Rebuilt fragmented indexes during maintenance window. Query performance restored to baseline.,30-11-2025 10:36,Resolved,5
INCC536L,Database deadlock issues in InventoryDB,Index fragmentation on [table_name] exceeds threshold. Query performance severely impacted.,Database,Medium,Rebuilt indexes on [table_name] and optimized query execution plans. Performance improved 83%.,30-10-2025 10:36,Resolved,62
INCT061T,Database connection timeout - AnalyticsDB,Index fragmentation on [table_name] exceeds threshold. Query performance severely impacted.,Database,Critical,Rebuilt indexes on [table_name] and optimized query execution plans. Performance improved 93%.,12-06-2025 10:36,Closed,5
INCH665C,Query performance degradation on AnalyticsDB,Index fragmentation on [table_name] exceeds threshold. Query performance severely impacted.,Database,Medium,Resolved migration issues and successfully upgraded CustomerDB to version [new_version].,24-08-2025 10:36,Resolved,66
INCW446A,Data corruption detected in AnalyticsDB,Index fragmentation on [table_name] exceeds threshold. Query performance severely impacted.,Database,High,Resolved migration issues and successfully upgraded CustomerDB to version [new_version].,28-06-2025 10:36,Resolved,9
INCT621X,Database space running low - InventoryDB,Index fragmentation on [table_name] exceeds threshold. Query performance severely impacted.,Database,Low,Resolved migration issues and successfully upgraded ProductionDB to version [new_version].,13-08-2025 10:36,Resolved,23
INCN673S,Database backup failed for InventoryDB,Index fragmentation on [table_name] exceeds threshold. Query performance severely impacted.,Database,Medium,Resolved migration issues and successfully upgraded UserDB to version [new_version].,10-05-2025 10:36,Resolved,13
INCQ940A,Query performance degradation on InventoryDB,Index fragmentation on [table_name] exceeds threshold. Query performance severely impacted.,Database,Medium,Restored affected records from backup and ran full data integrity check. Corruption resolved.,11-04-2025 10:36,Resolved,37
INCH104W,Query performance degradation on InventoryDB,Index fragmentation on [table_name] exceeds threshold. Query performance severely impacted.,Database,Low,Restored affected records from backup and ran full data integrity check. Corruption resolved.,03-08-2025 10:36,Closed,35
INCZ922T,Memory leak detected on FILE-SRV-01,Hardware diagnostic reports failure on PROD-WEB-01. Component replacement required. Service impact expected.,Infrastructure,Low,Fixed backup script permissions. Re-ran backup job successfully and verified data integrity.,25-04-2025 10:36,Resolved,57
INCC061F,Power outage affecting datacenter rack R2,Hardware diagnostic reports failure on PROD-WEB-01. Component replacement required. Service impact expected.,Infrastructure,Critical,Replaced faulty hardware component. Ran full diagnostics and confirmed system stability.,12-11-2025 10:36,Resolved,41
INCI854C,Server MAIL-SRV-02 not responding,Hardware diagnostic reports failure on PROD-WEB-01. Component replacement required. Service impact expected.,Infrastructure,Critical,Scheduled maintenance window. Successfully migrated VM with zero data loss.,08-02-2026 10:36,Closed,31
INCJ445F,Memory leak detected on MAIL-SRV-02,Hardware diagnostic reports failure on MAIL-SRV-02. Component replacement required. Service impact expected.,Infrastructure,Low,Cleaned up temporary files and logs. Implemented automated cleanup scripts and storage monitoring.,12-06-2025 10:36,Resolved,58
INCT906L,Server down - MAIL-SRV-02,Hardware diagnostic reports failure on MAIL-SRV-02. Component replacement required. Service impact expected.,Infrastructure,Low,Restored network connectivity. Updated routing tables and verified server accessibility.,09-03-2026 10:36,Resolved,52
INCR962X,Disk space full on MAIL-SRV-02,Hardware diagnostic reports failure on FILE-SRV-01. Component replacement required. Service impact expected.,Infrastructure,Critical,Balanced storage load across arrays. Optimized IOPS distribution and added performance monitoring.,26-01-2026 10:36,Closed,10
INCM321U,High CPU usage on APP-SRV-03,Hardware diagnostic reports failure on FILE-SRV-01. Component replacement required. Service impact expected.,Infrastructure,High,Cleaned up temporary files and logs. Implemented automated cleanup scripts and storage monitoring.,05-04-2025 10:36,Resolved,18
INCF558J,Memory leak detected on FILE-SRV-01,Hardware diagnostic reports failure on FILE-SRV-01. Component replacement required. Service impact expected.,Infrastructure,High,Fixed backup script permissions. Re-ran backup job successfully and verified data integrity.,24-05-2025 10:36,Resolved,47
INCC550G,Disk space full on FILE-SRV-01,Hardware diagnostic reports failure on FILE-SRV-01. Component replacement required. Service impact expected.,Infrastructure,Critical,Fixed backup script permissions. Re-ran backup job successfully and verified data integrity.,24-10-2025 10:36,Resolved,58
INCQ226T,Server down - APP-SRV-03,Hardware diagnostic reports failure on FILE-SRV-01. Component replacement required. Service impact expected.,Infrastructure,Medium,Identified resource-intensive processes. Optimized configurations and added resource monitoring.,06-02-2026 10:36,Closed,28
INCQ820X,Memory leak detected on PROD-WEB-01,Hardware diagnostic reports failure on FILE-SRV-01. Component replacement required. Service impact expected.,Infrastructure,Critical,Restarted API Service service and verified functionality. Implemented monitoring alerts for early detection.,03-04-2025 10:36,Resolved,59
INCF132M,Memory leak detected on DB-SERVER-02,Hardware diagnostic reports failure on FILE-SRV-01. Component replacement required. Service impact expected.,Infrastructure,Critical,Restarted application services. Investigated memory leak root cause and applied patches.,26-07-2025 10:36,Closed,5
INCR776H,Hardware failure detected on PROD-WEB-01,Hardware diagnostic reports failure on FILE-SRV-01. Component replacement required. Service impact expected.,Infrastructure,High,Restored network connectivity. Updated routing tables and verified server accessibility.,18-10-2025 10:36,Closed,15
INCH701K,Hardware failure detected on FILE-SRV-01,Hardware diagnostic reports failure on DB-SERVER-02. Component replacement required. Service impact expected.,Infrastructure,High,Balanced storage load across arrays. Optimized IOPS distribution and added performance monitoring.,28-11-2025 10:36,Resolved,38
INCS392H,VM migration required for DB-SERVER-02,Hardware diagnostic reports failure on DB-SERVER-02. Component replacement required. Service impact expected.,Infrastructure,Low,Restarted application services. Investigated memory leak root cause and applied patches.,07-05-2025 10:36,Closed,26
INCD891U,VM migration required for APP-SRV-03,Hardware diagnostic reports failure on DB-SERVER-02. Component replacement required. Service impact expected.,Infrastructure,Low,Restarted application services. Investigated memory leak root cause and applied patches.,15-02-2026 10:36,Closed,24
INCJ168F,Memory leak detected on DB-SERVER-02,Hardware diagnostic reports failure on DB-SERVER-02. Component replacement required. Service impact expected.,Infrastructure,Critical,Scheduled maintenance window. Successfully migrated VM with zero data loss.,28-06-2025 10:36,Closed,62
INCH486T,VM migration required for FILE-SRV-01,Hardware diagnostic reports failure on APP-SRV-03. Component replacement required. Service impact expected.,Infrastructure,Low,Fixed backup script permissions. Re-ran backup job successfully and verified data integrity.,28-03-2025 10:36,Closed,47
INCY537T,VM migration required for APP-SRV-03,Hardware diagnostic reports failure on APP-SRV-03. Component replacement required. Service impact expected.,Infrastructure,High,Restarted application services. Investigated memory leak root cause and applied patches.,10-05-2025 10:36,Resolved,1
INCH592T,Antivirus signature update failed,Firewall rules for Web Service need review. Current configuration allows [port] access from any source.,Security,Critical,Blocked IP address [ip_address] and implemented account lockout policy. User account secured.,23-02-2026 10:36,Closed,59
INCE507B,Security patch deployment required,Firewall rules for Web Service need review. Current configuration allows [port] access from any source.,Security,High,Confirmed phishing attempt. Blocked sender and updated email filters. User security training scheduled.,24-11-2025 10:36,Resolved,17
INCX559Z,Antivirus signature update failed,Firewall rules for Web Service need review. Current configuration allows [port] access from any source.,Security,High,Contained potential breach. Conducted forensic analysis and implemented additional monitoring.,03-10-2025 10:36,Closed,42
INCI784Y,Phishing email reported by user,Firewall rules for Web Service need review. Current configuration allows [port] access from any source.,Security,High,Disabled compromised account 13 and initiated password reset. Access logs reviewed.,03-09-2025 10:36,Closed,64
INCZ696N,Unauthorized access attempt on Oracle EBS,Firewall rules for Web Service need review. Current configuration allows [port] access from any source.,Security,Medium,Removed malware and ran full system scan. Workstation cleaned and monitoring enhanced.,06-01-2026 10:36,Closed,17
INCK555O,Unauthorized access attempt on Active Directory,Firewall rules for Web Service need review. Current configuration allows [port] access from any source.,Security,Critical,Removed malware and ran full system scan. Workstation cleaned and monitoring enhanced.,14-07-2025 10:36,Resolved,37
INCY182Q,VPN connection issues for remote users,Firewall rules for Web Service need review. Current configuration allows [port] access from any source.,Security,Low,Updated firewall rules to restrict [port] access to authorized sources only. Security posture improved.,05-02-2026 10:36,Closed,4
INCF974Y,Firewall rule review required,Firewall rules for Mail Service need review. Current configuration allows [port] access from any source.,Security,Medium,Fixed antivirus update service and deployed latest definitions to all 18 workstations.,21-07-2025 10:36,Resolved,34
INCH984V,Antivirus signature update failed,Firewall rules for Mail Service need review. Current configuration allows [port] access from any source.,Security,Critical,Renewed SSL certificate for app.company.com. Certificate installed and verified across all services.,06-12-2025 10:36,Resolved,18
INCT757J,Suspicious login attempts detected,Firewall rules for Mail Service need review. Current configuration allows [port] access from any source.,Security,High,Restarted VPN authentication services. All remote users now able to connect successfully.,29-05-2025 10:36,Resolved,60
INCH543N,Data breach investigation required,Firewall rules for Mail Service need review. Current configuration allows [port] access from any source.,Security,Low,Updated firewall rules to restrict [port] access to authorized sources only. Security posture improved.,23-11-2025 10:36,Resolved,2
INCB111T,Unauthorized access attempt on Oracle EBS,Firewall rules for File Service need review. Current configuration allows [port] access from any source.,Security,Critical,Applied critical security patch for CVE-[cve_id]. System vulnerability resolved and verified.,14-04-2025 10:36,Resolved,32
INCY147G,SSL certificate expiring for api.company.com,Firewall rules for File Service need review. Current configuration allows [port] access from any source.,Security,High,Confirmed phishing attempt. Blocked sender and updated email filters. User security training scheduled.,07-03-2026 10:36,Closed,11
INCL049B,Data breach investigation required,Firewall rules for Database Service need review. Current configuration allows [port] access from any source.,Security,Critical,Contained potential breach. Conducted forensic analysis and implemented additional monitoring.,05-03-2026 10:36,Resolved,17
INCV218Q,VPN connection issues for remote users,Firewall rules for Database Service need review. Current configuration allows [port] access from any source.,Security,Medium,Removed malware and ran full system scan. Workstation cleaned and monitoring enhanced.,20-04-2025 10:36,Resolved,44
INCU704A,Data breach investigation required,Firewall rules for Database Service need review. Current configuration allows [port] access from any source.,Security,Critical,Removed malware and ran full system scan. Workstation cleaned and monitoring enhanced.,02-05-2025 10:36,Resolved,14
INCY590I,Security patch deployment required,Firewall rules for API Service need review. Current configuration allows [port] access from any source.,Security,Critical,Blocked IP address [ip_address] and implemented account lockout policy. User account secured.,13-10-2025 10:36,Resolved,12
INCN113J,Phishing email reported by user,Firewall rules for API Service need review. Current configuration allows [port] access from any source.,Security,High,Confirmed phishing attempt. Blocked sender and updated email filters. User security training scheduled.,23-12-2025 10:36,Closed,5
INCF309A,Malware detected on workstation WS-005,Firewall rules for API Service need review. Current configuration allows [port] access from any source.,Security,Critical,Confirmed phishing attempt. Blocked sender and updated email filters. User security training scheduled.,09-03-2026 10:36,Closed,60
INCQ540N,Account lockout for user david.brown,Employee sarah.johnson terminated. Access revocation required across all systems immediately.,Access Management,Medium,Granted mike.wilson appropriate access to SAP based on role [role]. Manager approval verified.,08-01-2026 10:36,Closed,10
INCR076F,Single sign-on configuration issue,Employee sarah.johnson terminated. Access revocation required across all systems immediately.,Access Management,Low,Granted temporary elevated permissions to sarah.johnson. Automatic revocation scheduled for [date].,27-09-2025 10:36,Resolved,59
INCF833K,Single sign-on configuration issue,Employee sarah.johnson terminated. Access revocation required across all systems immediately.,Access Management,Low,Revoked all access for terminated employee mike.wilson. Access removal verified across all systems.,21-03-2025 10:36,Closed,61
INCW117Y,User access request for SAP,Employee mike.wilson terminated. Access revocation required across all systems immediately.,Access Management,Low,Completed [group_name] membership review. Removed 48 inactive members.,13-09-2025 10:36,Resolved,41
INCO255C,Group membership review for [group_name],Employee mike.wilson terminated. Access revocation required across all systems immediately.,Access Management,Medium,Completed role-based access review for [department]. 49 access changes implemented.,15-05-2025 10:36,Closed,32
INCQ575D,Group membership review for [group_name],Employee mike.wilson terminated. Access revocation required across all systems immediately.,Access Management,Low,Fixed SSO configuration for Oracle EBS. Identity provider integration restored successfully.,26-06-2025 10:36,Closed,52
INCN551X,Service account password reset,Employee john.doe terminated. Access revocation required across all systems immediately.,Access Management,Medium,Completed [group_name] membership review. Removed 46 inactive members.,10-11-2025 10:36,Closed,65
INCW302R,Single sign-on configuration issue,Employee john.doe terminated. Access revocation required across all systems immediately.,Access Management,Critical,Completed privileged account audit. 17 findings documented and remediation planned.,21-06-2025 10:36,Closed,1
INCM894P,Privileged account audit request,Employee john.doe terminated. Access revocation required across all systems immediately.,Access Management,Medium,Fixed SSO configuration for Oracle EBS. Identity provider integration restored successfully.,29-08-2025 10:36,Closed,61
INCT147K,Access revocation for terminated employee,Employee john.doe terminated. Access revocation required across all systems immediately.,Access Management,Critical,Granted temporary elevated permissions to mike.wilson. Automatic revocation scheduled for [date].,19-01-2026 10:36,Closed,38
INCP900J,Multi-factor authentication setup,Employee john.doe terminated. Access revocation required across all systems immediately.,Access Management,Critical,Revoked all access for terminated employee john.doe. Access removal verified across all systems.,18-03-2026 10:36,Closed,64
INCS196W,User access request for Active Directory,Employee john.doe terminated. Access revocation required across all systems immediately.,Access Management,Low,Unlocked account for david.brown after identity verification. Password reset completed successfully.,18-01-2026 10:36,Closed,31
INCS575G,Privileged account audit request,Employee jane.smith terminated. Access revocation required across all systems immediately.,Access Management,High,Completed privileged account audit. 30 findings documented and remediation planned.,03-10-2025 10:36,Closed,67
INCZ321N,Role-based access review required,Employee jane.smith terminated. Access revocation required across all systems immediately.,Access Management,High,Configured MFA for john.doe using [device_type]. Authentication testing successful.,30-04-2025 10:36,Resolved,50
INCK970Y,Multi-factor authentication setup,Employee jane.smith terminated. Access revocation required across all systems immediately.,Access Management,High,Unlocked account for john.doe after identity verification. Password reset completed successfully.,21-09-2025 10:36,Closed,35
INCR148M,Single sign-on configuration issue,Employee david.brown terminated. Access revocation required across all systems immediately.,Access Management,Low,Fixed SSO configuration for Oracle EBS. Identity provider integration restored successfully.,29-08-2025 10:36,Resolved,14
INCI255D,Group membership review for [group_name],Employee david.brown terminated. Access revocation required across all systems immediately.,Access Management,Low,Granted temporary elevated permissions to david.brown. Automatic revocation scheduled for [date].,17-09-2025 10:36,Closed,22
INCE723G,Network equipment overheating in Data Center,DNS queries for company.com failing. Resolution timeout after 46 seconds.,Network,High,Replaced faulty port module on SW-CORE-01. All 40 devices reconnected successfully.,14-01-2026 10:36,Closed,19
INCK589N,DHCP pool exhausted in [subnet],DNS queries for company.com failing. Resolution timeout after 117 seconds.,Network,High,Identified faulty network cable and replaced. Connectivity restored to Branch Office with 0% packet loss.,14-08-2025 10:36,Closed,46
INCC971V,Wireless connectivity issues in [area],DNS queries for app.company.com failing. Resolution timeout after 92 seconds.,Network,Critical,Identified faulty network cable and replaced. Connectivity restored to Branch Office with 0% packet loss.,21-02-2026 10:36,Resolved,24
INCX566E,DNS resolution failures for api.company.com,DNS queries for app.company.com failing. Resolution timeout after 57 seconds.,Network,Medium,Corrected VLAN [vlan_id] configuration on SW-DMZ-01. Inter-VLAN routing restored.,03-05-2025 10:36,Closed,30
INCN334M,VLAN configuration error on SW-ACCESS-02,DNS queries for app.company.com failing. Resolution timeout after 40 seconds.,Network,Low,Fixed DNS server configuration and cleared cache. Domain app.company.com resolution working normally.,23-09-2025 10:36,Closed,65
INCR338L,High latency on network segment [segment],DNS queries for app.company.com failing. Resolution timeout after 120 seconds.,Network,High,Expanded DHCP pool range for subnet [subnet]. Additional 43 IP addresses available.,22-06-2025 10:36,Closed,36
INCJ864Z,Wireless connectivity issues in [area],DNS queries for app.company.com failing. Resolution timeout after 118 seconds.,Network,Medium,Expanded DHCP pool range for subnet [subnet]. Additional 29 IP addresses available.,06-12-2025 10:36,Resolved,69
INCA753F,Wireless connectivity issues in [area],DNS queries for api.company.com failing. Resolution timeout after 69 seconds.,Network,High,Fixed DNS server configuration and cleared cache. Domain api.company.com resolution working normally.,28-08-2025 10:36,Closed,37
INCG734K,Network equipment overheating in Building B,DNS queries for api.company.com failing. Resolution timeout after 30 seconds.,Network,Critical,Fixed DNS server configuration and cleared cache. Domain api.company.com resolution working normally.,03-06-2025 10:36,Closed,71
INCD591Q,Network equipment overheating in Building A,DNS queries for api.company.com failing. Resolution timeout after 103 seconds.,Network,Low,Implemented traffic shaping and upgraded [interface] bandwidth. Utilization reduced to 72%.,09-01-2026 10:36,Closed,48
INCY671C,Power outage affecting datacenter rack R4,Disk usage on PROD-WEB-01 has reached 95% capacity. Critical system files may be affected. Immediate cleanup required.,Infrastructure,Medium,Identified resource-intensive processes. Optimized configurations and added resource monitoring.,09-08-2025 10:36,Closed,3
INCK105C,Power outage affecting datacenter rack R2,Disk usage on PROD-WEB-01 has reached 93% capacity. Critical system files may be affected. Immediate cleanup required.,Infrastructure,Critical,Identified resource-intensive processes. Optimized configurations and added resource monitoring.,17-12-2025 10:36,Closed,58
INCT582J,Power outage affecting datacenter rack R1,Disk usage on PROD-WEB-01 has reached 91% capacity. Critical system files may be affected. Immediate cleanup required.,Infrastructure,High,Restarted application services. Investigated memory leak root cause and applied patches.,02-11-2025 10:36,Closed,59
INCZ465J,VM migration required for APP-SRV-03,Disk usage on MAIL-SRV-02 has reached 99% capacity. Critical system files may be affected. Immediate cleanup required.,Infrastructure,Medium,Fixed backup script permissions. Re-ran backup job successfully and verified data integrity.,05-09-2025 10:36,Closed,13
INCN119E,VM migration required for APP-SRV-03,Disk usage on MAIL-SRV-02 has reached 95% capacity. Critical system files may be affected. Immediate cleanup required.,Infrastructure,Low,Identified resource-intensive processes. Optimized configurations and added resource monitoring.,02-06-2025 10:36,Resolved,57
INCD249N,Server down - MAIL-SRV-02,Disk usage on MAIL-SRV-02 has reached 94% capacity. Critical system files may be affected. Immediate cleanup required.,Infrastructure,High,Cleaned up temporary files and logs. Implemented automated cleanup scripts and storage monitoring.,12-05-2025 10:36,Closed,62
INCT521M,Server FILE-SRV-01 not responding,Disk usage on MAIL-SRV-02 has reached 93% capacity. Critical system files may be affected. Immediate cleanup required.,Infrastructure,Critical,Identified resource-intensive processes. Optimized configurations and added resource monitoring.,06-08-2025 10:36,Resolved,44
INCX416P,High CPU usage on MAIL-SRV-02,Disk usage on MAIL-SRV-02 has reached 90% capacity. Critical system files may be affected. Immediate cleanup required.,Infrastructure,Low,Identified resource-intensive processes. Optimized configurations and added resource monitoring.,17-03-2026 10:36,Resolved,54
INCW608P,Server down - MAIL-SRV-02,Disk usage on MAIL-SRV-02 has reached 85% capacity. Critical system files may be affected. Immediate cleanup required.,Infrastructure,Critical,Balanced storage load across arrays. Optimized IOPS distribution and added performance monitoring.,19-12-2025 10:36,Closed,39
INCC481L,Disk space full on APP-SRV-03,Disk usage on FILE-SRV-01 has reached 85% capacity. Critical system files may be affected. Immediate cleanup required.,Infrastructure,Low,Fixed backup script permissions. Re-ran backup job successfully and verified data integrity.,30-07-2025 10:36,Resolved,29
INCL441E,Storage array performance issues,Disk usage on FILE-SRV-01 has reached 85% capacity. Critical system files may be affected. Immediate cleanup required.,Infrastructure,Low,Replaced faulty hardware component. Ran full diagnostics and confirmed system stability.,14-10-2025 10:36,Resolved,6
INCH316Z,VM migration required for DB-SERVER-02,Disk usage on DB-SERVER-02 has reached 88% capacity. Critical system files may be affected. Immediate cleanup required.,Infrastructure,High,Cleaned up temporary files and logs. Implemented automated cleanup scripts and storage monitoring.,11-01-2026 10:36,Closed,68
INCA928M,High CPU usage on APP-SRV-03,Disk usage on DB-SERVER-02 has reached 87% capacity. Critical system files may be affected. Immediate cleanup required.,Infrastructure,Low,Fixed backup script permissions. Re-ran backup job successfully and verified data integrity.,18-08-2025 10:36,Closed,51
INCX882P,Storage array performance issues,Disk usage on APP-SRV-03 has reached 93% capacity. Critical system files may be affected. Immediate cleanup required.,Infrastructure,Low,Scheduled maintenance window. Successfully migrated VM with zero data loss.,15-05-2025 10:36,Resolved,45
INCC440T,Bandwidth utilization high on [interface],DHCP pool for subnet [subnet] exhausted. New devices unable to obtain IP addresses.,Network,Medium,Expanded DHCP pool range for subnet [subnet]. Additional 40 IP addresses available.,15-07-2025 10:36,Closed,61
INCV849W,Routing table corruption on [router],DHCP pool for subnet [subnet] exhausted. New devices unable to obtain IP addresses.,Network,Medium,Expanded DHCP pool range for subnet [subnet]. Additional 43 IP addresses available.,26-03-2025 10:36,Resolved,72
INCF552Y,DNS resolution failures for app.company.com,DHCP pool for subnet [subnet] exhausted. New devices unable to obtain IP addresses.,Network,Critical,Expanded DHCP pool range for subnet [subnet]. Additional 46 IP addresses available.,25-08-2025 10:36,Closed,59
INCH142X,Wireless connectivity issues in [area],DHCP pool for subnet [subnet] exhausted. New devices unable to obtain IP addresses.,Network,High,Fixed DNS server configuration and cleared cache. Domain app.company.com resolution working normally.,20-03-2025 10:36,Resolved,36
INCX134C,VLAN configuration error on SW-DMZ-01,DHCP pool for subnet [subnet] exhausted. New devices unable to obtain IP addresses.,Network,High,Fixed DNS server configuration and cleared cache. Domain company.com resolution working normally.,23-03-2025 10:36,Closed,39
INCK279D,DNS resolution failures for api.company.com,DHCP pool for subnet [subnet] exhausted. New devices unable to obtain IP addresses.,Network,Low,Identified faulty network cable and replaced. Connectivity restored to Remote Site with 0% packet loss.,20-12-2025 10:36,Resolved,71
INCE045L,Network connectivity issues in Data Center,DHCP pool for subnet [subnet] exhausted. New devices unable to obtain IP addresses.,Network,Low,Improved ventilation and cleaned equipment fans. Temperature normalized in Building A.,19-02-2026 10:36,Closed,61
INCZ830F,Routing table corruption on [router],DHCP pool for subnet [subnet] exhausted. New devices unable to obtain IP addresses.,Network,Low,Optimized QoS settings and upgraded interface capacity. Latency reduced to 819ms.,17-12-2025 10:36,Resolved,3
INCI845T,VLAN configuration error on SW-CORE-01,DHCP pool for subnet [subnet] exhausted. New devices unable to obtain IP addresses.,Network,Critical,Relocated wireless access point and adjusted antenna positioning. Signal strength improved in [area].,24-09-2025 10:36,Closed,36
INCR374C,DNS resolution failures for mail.company.com,DHCP pool for subnet [subnet] exhausted. New devices unable to obtain IP addresses.,Network,Medium,Relocated wireless access point and adjusted antenna positioning. Signal strength improved in [area].,05-01-2026 10:36,Resolved,3
INCM734X,Routing table corruption on [router],DHCP pool for subnet [subnet] exhausted. New devices unable to obtain IP addresses.,Network,Medium,Replaced faulty port module on SW-DMZ-01. All 13 devices reconnected successfully.,10-09-2025 10:36,Closed,29
INCN341K,Routing table corruption on [router],DHCP pool for subnet [subnet] exhausted. New devices unable to obtain IP addresses.,Network,High,Replaced faulty port module on SW-DMZ-01. All 32 devices reconnected successfully.,30-10-2025 10:36,Resolved,14
INCS408L,Switch port failure on SW-DMZ-01,DHCP pool for subnet [subnet] exhausted. New devices unable to obtain IP addresses.,Network,Low,Updated routing tables on [router]. Traffic now following optimal paths to [destination].,30-11-2025 10:36,Resolved,42
INCZ254I,Network equipment overheating in Building B,DHCP pool for subnet [subnet] exhausted. New devices unable to obtain IP addresses.,Network,Critical,Updated routing tables on [router]. Traffic now following optimal paths to [destination].,08-09-2025 10:36,Closed,41
INCW205W,DHCP pool exhausted in [subnet],DHCP pool for subnet [subnet] exhausted. New devices unable to obtain IP addresses.,Network,Critical,Updated routing tables on [router]. Traffic now following optimal paths to [destination].,13-11-2025 10:36,Closed,19
INCZ314T,Feature not working in SharePoint,Deployment of SharePoint version [version] failed during [stage] stage. Rollback initiated to maintain service.,Application,High,Fixed [error_type] by updating application configuration. Deployed hotfix and verified error resolution.,29-06-2025 10:36,Closed,63
INCO865J,HRMS UI rendering problems,Deployment of SharePoint version [version] failed during [stage] stage. Rollback initiated to maintain service.,Application,High,Increased API timeout values and optimized service calls. API response times now within acceptable range.,27-03-2025 10:36,Resolved,67
INCK166M,API timeout in Jenkins,Deployment of Salesforce version [version] failed during [stage] stage. Rollback initiated to maintain service.,Application,Low,Reconfigured integration settings. Data exchange between ERP and File Service restored.,19-08-2025 10:36,Resolved,38
INCC046V,Salesforce application error - [error_type],Deployment of Salesforce version [version] failed during [stage] stage. Rollback initiated to maintain service.,Application,Low,Updated CSS files and cleared browser cache. UI now rendering correctly across all browsers.,27-10-2025 10:36,Closed,63
INCH378J,ERP deployment failed,Deployment of Jira version [version] failed during [stage] stage. Rollback initiated to maintain service.,Application,Low,Increased API timeout values and optimized service calls. API response times now within acceptable range.,02-08-2025 10:36,Closed,66
INCM885Q,User unable to login to Jira,Deployment of Jira version [version] failed during [stage] stage. Rollback initiated to maintain service.,Application,Medium,Optimized database queries and application caching. Performance improved by 45%.,13-03-2026 10:36,Resolved,48
INCJ373Z,Integration failure between Confluence and API Service,Deployment of Jira version [version] failed during [stage] stage. Rollback initiated to maintain service.,Application,High,Restarted database connection pool. Fixed connection string configuration and verified connectivity.,24-11-2025 10:36,Resolved,25
INCC649N,SharePoint deployment failed,Deployment of Jenkins version [version] failed during [stage] stage. Rollback initiated to maintain service.,Application,Medium,Fixed [error_type] by updating application configuration. Deployed hotfix and verified error resolution.,08-06-2025 10:36,Closed,51
INCT330U,User unable to login to Salesforce,Deployment of ERP version [version] failed during [stage] stage. Rollback initiated to maintain service.,Application,High,Fixed [error_type] by updating application configuration. Deployed hotfix and verified error resolution.,25-05-2025 10:36,Closed,25
INCR389K,HRMS deployment failed,Deployment of ERP version [version] failed during [stage] stage. Rollback initiated to maintain service.,Application,Critical,Optimized database queries and application caching. Performance improved by 42%.,24-07-2025 10:36,Closed,56
INCZ149E,Feature not working in SharePoint,Deployment of ERP version [version] failed during [stage] stage. Rollback initiated to maintain service.,Application,Low,Reconfigured integration settings. Data exchange between CRM and Database Service restored.,16-12-2025 10:36,Closed,23
INCD291C,Performance issues with Jenkins,Deployment of ERP version [version] failed during [stage] stage. Rollback initiated to maintain service.,Application,Low,Reconfigured integration settings. Data exchange between Jira and Mail Service restored.,13-05-2025 10:36,Closed,69
INCH392W,Integration failure between HRMS and Database Service,Deployment of CRM version [version] failed during [stage] stage. Rollback initiated to maintain service.,Application,Critical,Applied application patch to fix [feature] functionality. Feature now working as expected.,07-09-2025 10:36,Closed,40
INCZ133R,ERP database connection failed,Deployment of CRM version [version] failed during [stage] stage. Rollback initiated to maintain service.,Application,Medium,Optimized database queries and application caching. Performance improved by 39%.,04-06-2025 10:36,Resolved,54
INCO930Z,CRM application error - [error_type],Deployment of Confluence version [version] failed during [stage] stage. Rollback initiated to maintain service.,Application,Low,Applied application patch to fix [feature] functionality. Feature now working as expected.,16-09-2025 10:36,Closed,6
INCP646F,CRM deployment failed,Deployment of Confluence version [version] failed during [stage] stage. Rollback initiated to maintain service.,Application,Critical,Investigated deployment pipeline. Fixed configuration issue and successfully deployed version [version].,19-01-2026 10:36,Closed,55
INCR773X,API timeout in HRMS,Deployment of Confluence version [version] failed during [stage] stage. Rollback initiated to maintain service.,Application,Critical,Optimized database queries and application caching. Performance improved by 33%.,30-10-2025 10:36,Closed,50
INCX173V,Database connection timeout - InventoryDB,Deadlock frequency increased on UserDB. 41 deadlocks in past [timeframe].,Database,Low,Optimized connection pool settings and restarted database services. Connection stability restored.,06-01-2026 10:36,Resolved,7
INCH797U,Database space running low - UserDB,Deadlock frequency increased on UserDB. 35 deadlocks in past [timeframe].,Database,High,Added additional storage and configured automatic growth. Space monitoring alerts implemented.,25-06-2025 10:36,Closed,59
INCO449Q,Database connection timeout - InventoryDB,Deadlock frequency increased on UserDB. 30 deadlocks in past [timeframe].,Database,Low,Restored affected records from backup and ran full data integrity check. Corruption resolved.,06-02-2026 10:36,Closed,9
INCR720H,Database connection timeout - InventoryDB,Deadlock frequency increased on UserDB. 15 deadlocks in past [timeframe].,Database,High,Fixed backup script configuration and verified storage connectivity. Backup completed successfully.,07-01-2026 10:36,Closed,69
INCB632C,Database space running low - CustomerDB,Deadlock frequency increased on ProductionDB. 34 deadlocks in past [timeframe].,Database,Medium,Added additional storage and configured automatic growth. Space monitoring alerts implemented.,03-03-2026 10:36,Closed,10
INCK095Y,Transaction log full in AnalyticsDB,Deadlock frequency increased on ProductionDB. 34 deadlocks in past [timeframe].,Database,Critical,Fixed backup script configuration and verified storage connectivity. Backup completed successfully.,07-09-2025 10:36,Resolved,41
INCS698Z,Transaction log full in CustomerDB,Deadlock frequency increased on ProductionDB. 34 deadlocks in past [timeframe].,Database,Critical,Rebuilt fragmented indexes during maintenance window. Query performance restored to baseline.,22-09-2025 10:36,Resolved,55
INCI885C,Transaction log full in CustomerDB,Deadlock frequency increased on ProductionDB. 27 deadlocks in past [timeframe].,Database,Critical,Added additional storage and configured automatic growth. Space monitoring alerts implemented.,24-02-2026 10:36,Resolved,9
INCI029F,Replication lag in InventoryDB cluster,Deadlock frequency increased on ProductionDB. 20 deadlocks in past [timeframe].,Database,Critical,Resolved migration issues and successfully upgraded AnalyticsDB to version [new_version].,01-05-2025 10:36,Resolved,66
INCA085U,Database migration failed for UserDB,Deadlock frequency increased on ProductionDB. 13 deadlocks in past [timeframe].,Database,Critical,Resolved migration issues and successfully upgraded AnalyticsDB to version [new_version].,27-02-2026 10:36,Closed,62
INCO146I,Database deadlock issues in AnalyticsDB,Deadlock frequency increased on InventoryDB. 44 deadlocks in past [timeframe].,Database,High,Restored affected records from backup and ran full data integrity check. Corruption resolved.,11-05-2025 10:36,Resolved,18
INCP219R,Transaction log full in InventoryDB,Deadlock frequency increased on InventoryDB. 23 deadlocks in past [timeframe].,Database,Medium,Rebuilt indexes on [table_name] and optimized query execution plans. Performance improved 78%.,01-06-2025 10:36,Closed,54
INCZ953N,Transaction log full in UserDB,Deadlock frequency increased on InventoryDB. 14 deadlocks in past [timeframe].,Database,Critical,Added additional storage and configured automatic growth. Space monitoring alerts implemented.,07-09-2025 10:36,Closed,61
INCD543Q,Database migration failed for ProductionDB,Deadlock frequency increased on CustomerDB. 38 deadlocks in past [timeframe].,Database,Low,Resolved migration issues and successfully upgraded CustomerDB to version [new_version].,26-03-2025 10:36,Closed,42
INCF850Y,Database backup failed for UserDB,Deadlock frequency increased on CustomerDB. 27 deadlocks in past [timeframe].,Database,Low,Identified problematic queries and optimized transaction isolation levels. Deadlock frequency reduced.,07-10-2025 10:36,Closed,43
INCR053L,Replication lag in CustomerDB cluster,Deadlock frequency increased on CustomerDB. 21 deadlocks in past [timeframe].,Database,Low,Configured transaction log backup and implemented log management. Log space issues resolved.,12-07-2025 10:36,Resolved,41
INCC424N,Index rebuild required for AnalyticsDB,Deadlock frequency increased on CustomerDB. 20 deadlocks in past [timeframe].,Database,Critical,Optimized replication settings and network connectivity. Lag reduced to acceptable levels.,11-10-2025 10:36,Closed,45
INCI741S,Database migration failed for AnalyticsDB,Deadlock frequency increased on AnalyticsDB. 6 deadlocks in past [timeframe].,Database,Low,Configured transaction log backup and implemented log management. Log space issues resolved.,27-07-2025 10:36,Closed,63
INCQ661F,Index rebuild required for InventoryDB,Deadlock frequency increased on AnalyticsDB. 48 deadlocks in past [timeframe].,Database,Critical,Rebuilt fragmented indexes during maintenance window. Query performance restored to baseline.,31-10-2025 10:36,Closed,26
INCJ232L,Transaction log full in UserDB,Deadlock frequency increased on AnalyticsDB. 32 deadlocks in past [timeframe].,Database,Critical,Rebuilt fragmented indexes during maintenance window. Query performance restored to baseline.,25-04-2025 10:36,Resolved,52
INCW321H,Index rebuild required for AnalyticsDB,Deadlock frequency increased on AnalyticsDB. 16 deadlocks in past [timeframe].,Database,Medium,Added additional storage and configured automatic growth. Space monitoring alerts implemented.,27-03-2025 10:36,Closed,19
INCI719Y,Transaction log full in ProductionDB,Deadlock frequency increased on AnalyticsDB. 16 deadlocks in past [timeframe].,Database,High,Identified problematic queries and optimized transaction isolation levels. Deadlock frequency reduced.,06-10-2025 10:36,Closed,15
INCW968R,Database connection timeout - CustomerDB,Deadlock frequency increased on AnalyticsDB. 11 deadlocks in past [timeframe].,Database,Critical,Rebuilt indexes on [table_name] and optimized query execution plans. Performance improved 72%.,09-04-2025 10:36,Resolved,50
INCA696X,Database space running low - AnalyticsDB,Database UserDB space utilization at 87%. Only [space_left]GB remaining capacity.,Database,High,Fixed backup script configuration and verified storage connectivity. Backup completed successfully.,24-12-2025 10:36,Closed,18
INCT699H,Replication lag in CustomerDB cluster,Database UserDB space utilization at 81%. Only [space_left]GB remaining capacity.,Database,Low,Resolved migration issues and successfully upgraded UserDB to version [new_version].,28-04-2025 10:36,Closed,15
INCG393P,Database connection timeout - InventoryDB,Database ProductionDB space utilization at 82%. Only [space_left]GB remaining capacity.,Database,Critical,Fixed backup script configuration and verified storage connectivity. Backup completed successfully.,24-08-2025 10:36,Resolved,5
INCL110V,Database deadlock issues in AnalyticsDB,Database ProductionDB space utilization at 78%. Only [space_left]GB remaining capacity.,Database,Low,Optimized connection pool settings and restarted database services. Connection stability restored.,09-11-2025 10:36,Closed,65
INCK012N,Data corruption detected in ProductionDB,Database ProductionDB space utilization at 71%. Only [space_left]GB remaining capacity.,Database,Low,Restored affected records from backup and ran full data integrity check. Corruption resolved.,24-11-2025 10:36,Resolved,8
INCW309T,Database deadlock issues in AnalyticsDB,Database ProductionDB space utilization at 70%. Only [space_left]GB remaining capacity.,Database,Low,Configured transaction log backup and implemented log management. Log space issues resolved.,01-11-2025 10:36,Closed,38
INCA424B,Query performance degradation on AnalyticsDB,Database InventoryDB space utilization at 95%. Only [space_left]GB remaining capacity.,Database,High,Identified problematic queries and optimized transaction isolation levels. Deadlock frequency reduced.,07-07-2025 10:36,Closed,68
INCQ467E,Data corruption detected in InventoryDB,Database InventoryDB space utilization at 92%. Only [space_left]GB remaining capacity.,Database,Critical,Restored affected records from backup and ran full data integrity check. Corruption resolved.,03-04-2025 10:36,Resolved,21
INCL567S,Database backup failed for CustomerDB,Database InventoryDB space utilization at 91%. Only [space_left]GB remaining capacity.,Database,Medium,Configured transaction log backup and implemented log management. Log space issues resolved.,28-12-2025 10:36,Closed,39
INCB208I,Database space running low - AnalyticsDB,Database InventoryDB space utilization at 85%. Only [space_left]GB remaining capacity.,Database,Low,Added additional storage and configured automatic growth. Space monitoring alerts implemented.,20-07-2025 10:36,Closed,13
INCF680V,Database connection timeout - CustomerDB,Database InventoryDB space utilization at 73%. Only [space_left]GB remaining capacity.,Database,Low,Rebuilt indexes on [table_name] and optimized query execution plans. Performance improved 89%.,15-06-2025 10:36,Resolved,10
INCU834E,Database connection timeout - InventoryDB,Database CustomerDB space utilization at 91%. Only [space_left]GB remaining capacity.,Database,Critical,Rebuilt indexes on [table_name] and optimized query execution plans. Performance improved 89%.,20-07-2025 10:36,Resolved,63
INCO986C,Transaction log full in AnalyticsDB,Database CustomerDB space utilization at 87%. Only [space_left]GB remaining capacity.,Database,Medium,Rebuilt fragmented indexes during maintenance window. Query performance restored to baseline.,12-11-2025 10:36,Closed,11
INCV625D,Replication lag in AnalyticsDB cluster,Database CustomerDB space utilization at 85%. Only [space_left]GB remaining capacity.,Database,Medium,Rebuilt indexes on [table_name] and optimized query execution plans. Performance improved 85%.,16-01-2026 10:36,Closed,37
INCM561A,Index rebuild required for InventoryDB,Database CustomerDB space utilization at 84%. Only [space_left]GB remaining capacity.,Database,High,Restored affected records from backup and ran full data integrity check. Corruption resolved.,08-07-2025 10:36,Resolved,45
INCZ178D,Index rebuild required for ProductionDB,Database CustomerDB space utilization at 78%. Only [space_left]GB remaining capacity.,Database,Medium,Resolved migration issues and successfully upgraded CustomerDB to version [new_version].,06-04-2025 10:36,Closed,28
INCD674N,HRMS application error - [error_type],Database connectivity lost for SharePoint. Connection pool exhausted. Application functionality severely limited.,Application,Medium,Applied application patch to fix [feature] functionality. Feature now working as expected.,16-12-2025 10:36,Closed,25
INCD797N,Jira deployment failed,Database connectivity lost for SharePoint. Connection pool exhausted. Application functionality severely limited.,Application,Low,Reset user credentials and cleared authentication cache. User successfully logged in.,20-12-2025 10:36,Resolved,13
INCZ323M,User unable to login to ERP,Database connectivity lost for Jira. Connection pool exhausted. Application functionality severely limited.,Application,Medium,Fixed synchronization problem by updating API credentials and restarting the sync service. All pending records processed successfully. Added automated health checks.,04-05-2025 10:36,Resolved,72
INCA283E,User unable to login to CRM,Database connectivity lost for Jenkins. Connection pool exhausted. Application functionality severely limited.,Application,Critical,Optimized database queries and application caching. Performance improved by 24%.,09-07-2025 10:36,Closed,18
INCZ480G,User unable to login to CRM,Database connectivity lost for Jenkins. Connection pool exhausted. Application functionality severely limited.,Application,Critical,Restarted database connection pool. Fixed connection string configuration and verified connectivity.,24-08-2025 10:36,Resolved,22
INCO304S,User unable to login to Jenkins,Database connectivity lost for HRMS. Connection pool exhausted. Application functionality severely limited.,Application,High,Applied application patch to fix [feature] functionality. Feature now working as expected.,17-03-2026 10:36,Closed,62
INCK104C,Jira application error - [error_type],Database connectivity lost for ERP. Connection pool exhausted. Application functionality severely limited.,Application,Low,Applied application patch to fix [feature] functionality. Feature now working as expected.,24-09-2025 10:36,Closed,51
INCY412L,Data sync issues in Confluence,Database connectivity lost for ERP. Connection pool exhausted. Application functionality severely limited.,Application,Critical,Increased API timeout values and optimized service calls. API response times now within acceptable range.,09-12-2025 10:36,Closed,18
INCT428H,Salesforce UI rendering problems,Database connectivity lost for CRM. Connection pool exhausted. Application functionality severely limited.,Application,Low,Applied application patch to fix [feature] functionality. Feature now working as expected.,22-07-2025 10:36,Resolved,61
INCJ449D,Integration failure between SharePoint and Mail Service,Database connectivity lost for CRM. Connection pool exhausted. Application functionality severely limited.,Application,Critical,Restarted database connection pool. Fixed connection string configuration and verified connectivity.,29-01-2026 10:36,Resolved,72
INCT774P,Database connection timeout - AnalyticsDB,Database AnalyticsDB space utilization at 76%. Only [space_left]GB remaining capacity.,Database,Critical,Optimized replication settings and network connectivity. Lag reduced to acceptable levels.,06-06-2025 10:36,Closed,53
INCW530O,Database deadlock issues in InventoryDB,Database AnalyticsDB space utilization at 73%. Only [space_left]GB remaining capacity.,Database,Critical,Resolved migration issues and successfully upgraded ProductionDB to version [new_version].,17-08-2025 10:36,Resolved,28
INCJ807O,Data sync issues in ERP,Data synchronization between SharePoint and [target_system] not working. 9432 records affected.,Application,Critical,Increased API timeout values and optimized service calls. API response times now within acceptable range.,12-10-2025 10:36,Closed,31
INCN347O,Data sync issues in ERP,Data synchronization between SharePoint and [target_system] not working. 7188 records affected.,Application,Low,Optimized database queries and application caching. Performance improved by 45%.,21-10-2025 10:36,Resolved,65
INCX330T,API timeout in Jira,Data synchronization between Salesforce and [target_system] not working. 8267 records affected.,Application,Low,Investigated deployment pipeline. Fixed configuration issue and successfully deployed version [version].,08-09-2025 10:36,Closed,12
INCS157F,Integration failure between Confluence and API Service,Data synchronization between Salesforce and [target_system] not working. 6490 records affected.,Application,High,Fixed [error_type] by updating application configuration. Deployed hotfix and verified error resolution.,27-03-2025 10:36,Resolved,18
INCG635I,HRMS application error - [error_type],Data synchronization between Salesforce and [target_system] not working. 2237 records affected.,Application,Low,Investigated deployment pipeline. Fixed configuration issue and successfully deployed version [version].,22-03-2025 10:36,Closed,27
INCU704R,User unable to login to Jira,Data synchronization between Jira and [target_system] not working. 9055 records affected.,Application,Critical,Reset user credentials and cleared authentication cache. User successfully logged in.,19-04-2025 10:36,Closed,28
INCT610Z,User unable to login to CRM,Data synchronization between Jira and [target_system] not working. 260 records affected.,Application,Low,Fixed [error_type] by updating application configuration. Deployed hotfix and verified error resolution.,10-09-2025 10:36,Resolved,38
INCU348D,Data sync issues in Confluence,Data synchronization between Jenkins and [target_system] not working. 2730 records affected.,Application,High,Updated CSS files and cleared browser cache. UI now rendering correctly across all browsers.,03-11-2025 10:36,Closed,8
INCE015L,Integration failure between Jira and File Service,Data synchronization between HRMS and [target_system] not working. 7493 records affected.,Application,Medium,Increased API timeout values and optimized service calls. API response times now within acceptable range.,10-09-2025 10:36,Resolved,40
INCB593L,CRM application error - [error_type],Data synchronization between HRMS and [target_system] not working. 296 records affected.,Application,Medium,Restarted database connection pool. Fixed connection string configuration and verified connectivity.,22-03-2025 10:36,Closed,32
INCD320N,Jenkins deployment failed,Data synchronization between CRM and [target_system] not working. 5342 records affected.,Application,High,Fixed [error_type] by updating application configuration. Deployed hotfix and verified error resolution.,02-10-2025 10:36,Closed,20
INCT540N,User unable to login to SharePoint,Data synchronization between CRM and [target_system] not working. 2947 records affected.,Application,Critical,Fixed [error_type] by updating application configuration. Deployed hotfix and verified error resolution.,11-09-2025 10:36,Closed,69
INCP611R,Performance issues with SharePoint,Data synchronization between CRM and [target_system] not working. 145 records affected.,Application,Medium,Increased API timeout values and optimized service calls. API response times now within acceptable range.,30-06-2025 10:36,Resolved,15
INCO627X,Jenkins deployment failed,Data synchronization between Confluence and [target_system] not working. 5866 records affected.,Application,Low,Reset user credentials and cleared authentication cache. User successfully logged in.,22-08-2025 10:36,Resolved,12
INCP886E,Integration failure between CRM and API Service,Data synchronization between Confluence and [target_system] not working. 4749 records affected.,Application,High,Reset user credentials and cleared authentication cache. User successfully logged in.,05-11-2025 10:36,Resolved,39
INCL618I,HRMS database connection failed,Data synchronization between Confluence and [target_system] not working. 4247 records affected.,Application,Low,Increased API timeout values and optimized service calls. API response times now within acceptable range.,18-07-2025 10:36,Resolved,25
INCD391B,Integration failure between Salesforce and Web Service,Data synchronization between Confluence and [target_system] not working. 2387 records affected.,Application,High,Optimized database queries and application caching. Performance improved by 49%.,17-11-2025 10:36,Closed,28
INCO003X,Database space running low - AnalyticsDB,Data integrity check found corruption in [table_name]. 8667 records potentially affected.,Database,Critical,Rebuilt fragmented indexes during maintenance window. Query performance restored to baseline.,06-08-2025 10:36,Closed,31
INCK021S,Database deadlock issues in ProductionDB,Data integrity check found corruption in [table_name]. 8313 records potentially affected.,Database,Low,Rebuilt indexes on [table_name] and optimized query execution plans. Performance improved 88%.,05-09-2025 10:36,Resolved,27
INCI935P,Transaction log full in UserDB,Data integrity check found corruption in [table_name]. 8204 records potentially affected.,Database,High,Fixed backup script configuration and verified storage connectivity. Backup completed successfully.,03-03-2026 10:36,Closed,13
INCF271Q,Replication lag in CustomerDB cluster,Data integrity check found corruption in [table_name]. 8027 records potentially affected.,Database,High,Identified problematic queries and optimized transaction isolation levels. Deadlock frequency reduced.,17-11-2025 10:36,Closed,36
INCF786E,Transaction log full in AnalyticsDB,Data integrity check found corruption in [table_name]. 7855 records potentially affected.,Database,High,Optimized connection pool settings and restarted database services. Connection stability restored.,25-01-2026 10:36,Closed,70
INCI053U,Index rebuild required for UserDB,Data integrity check found corruption in [table_name]. 7152 records potentially affected.,Database,Medium,Optimized replication settings and network connectivity. Lag reduced to acceptable levels.,13-04-2025 10:36,Closed,4
INCQ624F,Query performance degradation on AnalyticsDB,Data integrity check found corruption in [table_name]. 615 records potentially affected.,Database,Medium,Optimized connection pool settings and restarted database services. Connection stability restored.,18-09-2025 10:36,Closed,23
INCE998D,Database deadlock issues in ProductionDB,Data integrity check found corruption in [table_name]. 5718 records potentially affected.,Database,Critical,Restored affected records from backup and ran full data integrity check. Corruption resolved.,11-05-2025 10:36,Resolved,47
INCE419U,Index rebuild required for InventoryDB,Data integrity check found corruption in [table_name]. 550 records potentially affected.,Database,Medium,Configured transaction log backup and implemented log management. Log space issues resolved.,26-11-2025 10:36,Resolved,6
INCC624M,Index rebuild required for ProductionDB,Data integrity check found corruption in [table_name]. 5121 records potentially affected.,Database,Critical,Optimized connection pool settings and restarted database services. Connection stability restored.,25-01-2026 10:36,Resolved,48
INCT331P,Index rebuild required for AnalyticsDB,Data integrity check found corruption in [table_name]. 5114 records potentially affected.,Database,High,Configured transaction log backup and implemented log management. Log space issues resolved.,03-06-2025 10:36,Resolved,70
INCW309U,Transaction log full in ProductionDB,Data integrity check found corruption in [table_name]. 5082 records potentially affected.,Database,Critical,Optimized connection pool settings and restarted database services. Connection stability restored.,06-07-2025 10:36,Closed,34
INCP295V,Data corruption detected in InventoryDB,Data integrity check found corruption in [table_name]. 4481 records potentially affected.,Database,Low,Rebuilt indexes on [table_name] and optimized query execution plans. Performance improved 83%.,24-03-2025 10:36,Closed,6
INCP530M,Database backup failed for UserDB,Data integrity check found corruption in [table_name]. 3744 records potentially affected.,Database,Medium,Fixed backup script configuration and verified storage connectivity. Backup completed successfully.,25-11-2025 10:36,Closed,56
INCA629L,Index rebuild required for ProductionDB,Data integrity check found corruption in [table_name]. 345 records potentially affected.,Database,Critical,Rebuilt indexes on [table_name] and optimized query execution plans. Performance improved 92%.,29-01-2026 10:36,Resolved,42
INCY662G,Transaction log full in CustomerDB,Data integrity check found corruption in [table_name]. 3310 records potentially affected.,Database,Critical,Identified problematic queries and optimized transaction isolation levels. Deadlock frequency reduced.,18-05-2025 10:36,Closed,8
INCH621Z,Index rebuild required for CustomerDB,Data integrity check found corruption in [table_name]. 1636 records potentially affected.,Database,High,Restored affected records from backup and ran full data integrity check. Corruption resolved.,11-11-2025 10:36,Closed,48
INCM517O,Replication lag in UserDB cluster,Data integrity check found corruption in [table_name]. 1588 records potentially affected.,Database,Low,Restored affected records from backup and ran full data integrity check. Corruption resolved.,20-01-2026 10:36,Closed,61
INCP019X,Database backup failed for ProductionDB,Data integrity check found corruption in [table_name]. 1497 records potentially affected.,Database,Critical,Fixed backup script configuration and verified storage connectivity. Backup completed successfully.,15-02-2026 10:36,Resolved,61
INCT086B,Database space running low - ProductionDB,Data integrity check found corruption in [table_name]. 1236 records potentially affected.,Database,High,Resolved migration issues and successfully upgraded InventoryDB to version [new_version].,26-10-2025 10:36,Closed,66
INCY370Q,Security patch deployment required,Critical security patches available for SAP. CVE-[cve_id] vulnerability needs immediate attention.,Security,Low,Contained potential breach. Conducted forensic analysis and implemented additional monitoring.,08-01-2026 10:36,Closed,24
INCI194D,SSL certificate expiring for api.company.com,Critical security patches available for SAP. CVE-[cve_id] vulnerability needs immediate attention.,Security,Medium,Disabled compromised account 37 and initiated password reset. Access logs reviewed.,24-07-2025 10:36,Resolved,17
INCL998M,Malware detected on workstation WS-005,Critical security patches available for SAP. CVE-[cve_id] vulnerability needs immediate attention.,Security,Low,Fixed antivirus update service and deployed latest definitions to all 42 workstations.,27-01-2026 10:36,Resolved,27
INCM503C,Unauthorized access attempt on Office 365,Critical security patches available for SAP. CVE-[cve_id] vulnerability needs immediate attention.,Security,High,Fixed antivirus update service and deployed latest definitions to all 50 workstations.,28-11-2025 10:36,Resolved,51
INCY722P,Data breach investigation required,Critical security patches available for SAP. CVE-[cve_id] vulnerability needs immediate attention.,Security,Critical,Updated firewall rules to restrict [port] access to authorized sources only. Security posture improved.,19-03-2025 10:36,Resolved,22
INCX281H,VPN connection issues for remote users,Critical security patches available for Oracle EBS. CVE-[cve_id] vulnerability needs immediate attention.,Security,Critical,Applied critical security patch for CVE-[cve_id]. System vulnerability resolved and verified.,01-09-2025 10:36,Resolved,40
INCQ462D,Phishing email reported by user,Critical security patches available for Oracle EBS. CVE-[cve_id] vulnerability needs immediate attention.,Security,High,Confirmed phishing attempt. Blocked sender and updated email filters. User security training scheduled.,23-06-2025 10:36,Resolved,13
INCR134J,Security patch deployment required,Critical security patches available for Oracle EBS. CVE-[cve_id] vulnerability needs immediate attention.,Security,High,Renewed SSL certificate for api.company.com. Certificate installed and verified across all services.,07-07-2025 10:36,Resolved,6
INCI741V,Firewall rule review required,Critical security patches available for Office 365. CVE-[cve_id] vulnerability needs immediate attention.,Security,Medium,Removed malware and ran full system scan. Workstation cleaned and monitoring enhanced.,31-07-2025 10:36,Closed,12
INCM425X,VPN connection issues for remote users,Critical security patches available for Office 365. CVE-[cve_id] vulnerability needs immediate attention.,Security,Medium,Restarted VPN authentication services. All remote users now able to connect successfully.,14-10-2025 10:36,Closed,6
INCQ436R,Security patch deployment required,Critical security patches available for Office 365. CVE-[cve_id] vulnerability needs immediate attention.,Security,Critical,Updated firewall rules to restrict [port] access to authorized sources only. Security posture improved.,29-07-2025 10:36,Resolved,41
INCU521M,Data breach investigation required,Critical security patches available for AWS Console. CVE-[cve_id] vulnerability needs immediate attention.,Security,Low,Disabled compromised account 22 and initiated password reset. Access logs reviewed.,09-05-2025 10:36,Resolved,1
INCC744N,Antivirus signature update failed,Critical security patches available for AWS Console. CVE-[cve_id] vulnerability needs immediate attention.,Security,Low,Fixed antivirus update service and deployed latest definitions to all 49 workstations.,21-02-2026 10:36,Resolved,17
INCH007C,Antivirus signature update failed,Critical security patches available for AWS Console. CVE-[cve_id] vulnerability needs immediate attention.,Security,Critical,Removed malware and ran full system scan. Workstation cleaned and monitoring enhanced.,29-08-2025 10:36,Closed,14
INCQ116L,Malware detected on workstation WS-005,Critical security patches available for AWS Console. CVE-[cve_id] vulnerability needs immediate attention.,Security,Critical,Updated firewall rules to restrict [port] access to authorized sources only. Security posture improved.,30-04-2025 10:36,Closed,27
INCT994A,Unauthorized access attempt on AWS Console,Critical security patches available for Active Directory. CVE-[cve_id] vulnerability needs immediate attention.,Security,Low,Contained potential breach. Conducted forensic analysis and implemented additional monitoring.,22-05-2025 10:36,Resolved,10
INCR026T,Suspicious login attempts detected,Critical security patches available for Active Directory. CVE-[cve_id] vulnerability needs immediate attention.,Security,Low,Fixed antivirus update service and deployed latest definitions to all 42 workstations.,05-08-2025 10:36,Resolved,68
INCP969R,Antivirus signature update failed,Critical security patches available for Active Directory. CVE-[cve_id] vulnerability needs immediate attention.,Security,Critical,Renewed SSL certificate for api.company.com. Certificate installed and verified across all services.,08-11-2025 10:36,Closed,15
INCH281O,SSL certificate expiring for api.company.com,Critical security patches available for Active Directory. CVE-[cve_id] vulnerability needs immediate attention.,Security,High,Restarted VPN authentication services. All remote users now able to connect successfully.,20-03-2025 10:36,Closed,13
INCR973Y,VM migration required for APP-SRV-03,Automated backup job failed for PROD-WEB-01. Error code: ERR_003. Data integrity risk identified.,Infrastructure,Critical,Replaced faulty hardware component. Ran full diagnostics and confirmed system stability.,30-06-2025 10:36,Closed,28
INCB968B,VM migration required for PROD-WEB-01,Automated backup job failed for PROD-WEB-01. Error code: ERR_002. Data integrity risk identified.,Infrastructure,Low,Replaced faulty hardware component. Ran full diagnostics and confirmed system stability.,30-08-2025 10:36,Resolved,39
INCR782N,Power outage affecting datacenter rack R1,Automated backup job failed for PROD-WEB-01. Error code: ERR_001. Data integrity risk identified.,Infrastructure,Low,Balanced storage load across arrays. Optimized IOPS distribution and added performance monitoring.,02-02-2026 10:36,Resolved,64
INCB300G,Disk space full on FILE-SRV-01,Automated backup job failed for MAIL-SRV-02. Error code: ERR_004. Data integrity risk identified.,Infrastructure,Critical,Restarted Mail Service service and verified functionality. Implemented monitoring alerts for early detection.,16-02-2026 10:36,Closed,50
INCM249E,Server down - MAIL-SRV-02,Automated backup job failed for MAIL-SRV-02. Error code: ERR_004. Data integrity risk identified.,Infrastructure,High,Restarted Web Service service and verified functionality. Implemented monitoring alerts for early detection.,04-12-2025 10:36,Resolved,70
INCC093C,Backup failed for MAIL-SRV-02,Automated backup job failed for MAIL-SRV-02. Error code: ERR_004. Data integrity risk identified.,Infrastructure,Medium,Restored network connectivity. Updated routing tables and verified server accessibility.,19-01-2026 10:36,Resolved,28
INCL694S,Disk space full on PROD-WEB-01,Automated backup job failed for MAIL-SRV-02. Error code: ERR_003. Data integrity risk identified.,Infrastructure,High,Restored power to affected racks. Verified all systems operational and documented incident.,19-05-2025 10:36,Closed,60
INCB650M,Hardware failure detected on FILE-SRV-01,Automated backup job failed for MAIL-SRV-02. Error code: ERR_001. Data integrity risk identified.,Infrastructure,Low,Restored network connectivity. Updated routing tables and verified server accessibility.,10-10-2025 10:36,Closed,46
INCY273Y,Power outage affecting datacenter rack R3,Automated backup job failed for FILE-SRV-01. Error code: ERR_002. Data integrity risk identified.,Infrastructure,Low,Balanced storage load across arrays. Optimized IOPS distribution and added performance monitoring.,29-04-2025 10:36,Resolved,7
INCK823P,Server down - APP-SRV-03,Automated backup job failed for DB-SERVER-02. Error code: ERR_004. Data integrity risk identified.,Infrastructure,High,Restarted API Service service and verified functionality. Implemented monitoring alerts for early detection.,12-03-2026 10:36,Closed,62
INCK571L,VM migration required for PROD-WEB-01,Automated backup job failed for DB-SERVER-02. Error code: ERR_004. Data integrity risk identified.,Infrastructure,High,Scheduled maintenance window. Successfully migrated VM with zero data loss.,23-11-2025 10:36,Resolved,18
INCR346U,Backup failed for PROD-WEB-01,Automated backup job failed for DB-SERVER-02. Error code: ERR_002. Data integrity risk identified.,Infrastructure,High,Restored power to affected racks. Verified all systems operational and documented incident.,19-01-2026 10:36,Closed,68
INCA647Q,Backup failed for MAIL-SRV-02,Automated backup job failed for DB-SERVER-02. Error code: ERR_002. Data integrity risk identified.,Infrastructure,High,Scheduled maintenance window. Successfully migrated VM with zero data loss.,01-08-2025 10:36,Closed,49
INCA365Z,High CPU usage on DB-SERVER-02,Automated backup job failed for APP-SRV-03. Error code: ERR_003. Data integrity risk identified.,Infrastructure,Low,Identified resource-intensive processes. Optimized configurations and added resource monitoring.,19-04-2025 10:36,Resolved,22
INCZ314H,High CPU usage on APP-SRV-03,Automated backup job failed for APP-SRV-03. Error code: ERR_003. Data integrity risk identified.,Infrastructure,Critical,Scheduled maintenance window. Successfully migrated VM with zero data loss.,18-07-2025 10:36,Resolved,51
INCD794J,VM migration required for DB-SERVER-02,Automated backup job failed for APP-SRV-03. Error code: ERR_001. Data integrity risk identified.,Infrastructure,Medium,Restored network connectivity. Updated routing tables and verified server accessibility.,16-10-2025 10:36,Resolved,44
INCJ796M,Database space running low - InventoryDB,Applications experiencing connection timeouts to ProductionDB. Connection pool showing [pool_size] active connections.,Database,High,Optimized connection pool settings and restarted database services. Connection stability restored.,02-03-2026 10:36,Resolved,39
INCN312S,Transaction log full in UserDB,Applications experiencing connection timeouts to ProductionDB. Connection pool showing [pool_size] active connections.,Database,Critical,Rebuilt fragmented indexes during maintenance window. Query performance restored to baseline.,10-07-2025 10:36,Resolved,18
INCZ941R,Database migration failed for UserDB,Applications experiencing connection timeouts to ProductionDB. Connection pool showing [pool_size] active connections.,Database,High,Rebuilt indexes on [table_name] and optimized query execution plans. Performance improved 78%.,07-05-2025 10:36,Resolved,37
INCZ992I,Index rebuild required for CustomerDB,Applications experiencing connection timeouts to ProductionDB. Connection pool showing [pool_size] active connections.,Database,Medium,Rebuilt indexes on [table_name] and optimized query execution plans. Performance improved 82%.,06-02-2026 10:36,Closed,29
INCP835C,Transaction log full in AnalyticsDB,Applications experiencing connection timeouts to InventoryDB. Connection pool showing [pool_size] active connections.,Database,Low,Added additional storage and configured automatic growth. Space monitoring alerts implemented.,07-02-2026 10:36,Closed,8
INCC278O,Replication lag in UserDB cluster,Applications experiencing connection timeouts to InventoryDB. Connection pool showing [pool_size] active connections.,Database,Low,Optimized replication settings and network connectivity. Lag reduced to acceptable levels.,16-03-2026 10:36,Resolved,35
INCP229D,Replication lag in ProductionDB cluster,Applications experiencing connection timeouts to InventoryDB. Connection pool showing [pool_size] active connections.,Database,Low,Optimized replication settings and network connectivity. Lag reduced to acceptable levels.,14-12-2025 10:36,Closed,50
INCP955W,Transaction log full in CustomerDB,Applications experiencing connection timeouts to InventoryDB. Connection pool showing [pool_size] active connections.,Database,Critical,Rebuilt fragmented indexes during maintenance window. Query performance restored to baseline.,27-03-2025 10:36,Resolved,5
INCP893R,Index rebuild required for AnalyticsDB,Applications experiencing connection timeouts to InventoryDB. Connection pool showing [pool_size] active connections.,Database,High,Rebuilt indexes on [table_name] and optimized query execution plans. Performance improved 92%.,25-06-2025 10:36,Resolved,62
INCC009O,Database connection timeout - InventoryDB,Applications experiencing connection timeouts to InventoryDB. Connection pool showing [pool_size] active connections.,Database,High,Restored affected records from backup and ran full data integrity check. Corruption resolved.,13-07-2025 10:36,Closed,46
INCH885F,Query performance degradation on ProductionDB,Applications experiencing connection timeouts to CustomerDB. Connection pool showing [pool_size] active connections.,Database,Critical,Configured transaction log backup and implemented log management. Log space issues resolved.,11-05-2025 10:36,Closed,46
INCK832E,Index rebuild required for ProductionDB,Applications experiencing connection timeouts to CustomerDB. Connection pool showing [pool_size] active connections.,Database,Critical,Identified problematic queries and optimized transaction isolation levels. Deadlock frequency reduced.,06-09-2025 10:36,Closed,20
INCN677L,Database connection timeout - UserDB,Applications experiencing connection timeouts to CustomerDB. Connection pool showing [pool_size] active connections.,Database,Critical,Resolved migration issues and successfully upgraded AnalyticsDB to version [new_version].,25-01-2026 10:36,Closed,53
INCB593X,Database migration failed for AnalyticsDB,Applications experiencing connection timeouts to CustomerDB. Connection pool showing [pool_size] active connections.,Database,Medium,Restored affected records from backup and ran full data integrity check. Corruption resolved.,15-08-2025 10:36,Resolved,68
INCE642F,Replication lag in InventoryDB cluster,Applications experiencing connection timeouts to AnalyticsDB. Connection pool showing [pool_size] active connections.,Database,High,Configured transaction log backup and implemented log management. Log space issues resolved.,30-07-2025 10:36,Resolved,40
INCJ365Y,Database deadlock issues in ProductionDB,Applications experiencing connection timeouts to AnalyticsDB. Connection pool showing [pool_size] active connections.,Database,Low,Rebuilt fragmented indexes during maintenance window. Query performance restored to baseline.,18-01-2026 10:36,Closed,25
INCK638K,Data corruption detected in InventoryDB,Applications experiencing connection timeouts to AnalyticsDB. Connection pool showing [pool_size] active connections.,Database,High,Rebuilt fragmented indexes during maintenance window. Query performance restored to baseline.,11-08-2025 10:36,Resolved,1
INCZ138C,Database deadlock issues in AnalyticsDB,Applications experiencing connection timeouts to AnalyticsDB. Connection pool showing [pool_size] active connections.,Database,Critical,Restored affected records from backup and ran full data integrity check. Corruption resolved.,13-07-2025 10:36,Closed,52
INCT648S,Feature not working in Jenkins,Application SharePoint experiencing slow response times. Page load taking 17 seconds. User productivity impacted.,Application,High,Investigated deployment pipeline. Fixed configuration issue and successfully deployed version [version].,18-07-2025 10:36,Closed,45
INCG657U,Jira UI rendering problems,Application Jira experiencing slow response times. Page load taking 28 seconds. User productivity impacted.,Application,Medium,Applied application patch to fix [feature] functionality. Feature now working as expected.,03-08-2025 10:36,Resolved,65
INCX688I,User unable to login to SharePoint,Application Jira experiencing slow response times. Page load taking 15 seconds. User productivity impacted.,Application,Medium,Increased API timeout values and optimized service calls. API response times now within acceptable range.,13-10-2025 10:36,Resolved,54
INCC518U,User unable to login to Confluence,Application HRMS experiencing slow response times. Page load taking 43 seconds. User productivity impacted.,Application,Low,Reset user credentials and cleared authentication cache. User successfully logged in.,16-05-2025 10:36,Resolved,42
INCJ334X,Jenkins database connection failed,Application HRMS experiencing slow response times. Page load taking 35 seconds. User productivity impacted.,Application,High,Fixed [error_type] by updating application configuration. Deployed hotfix and verified error resolution.,16-12-2025 10:36,Closed,6
INCV963Y,ERP database connection failed,Application HRMS experiencing slow response times. Page load taking 31 seconds. User productivity impacted.,Application,Critical,Updated CSS files and cleared browser cache. UI now rendering correctly across all browsers.,08-06-2025 10:36,Closed,2
INCT156H,Salesforce database connection failed,Application ERP experiencing slow response times. Page load taking 43 seconds. User productivity impacted.,Application,Low,Updated CSS files and cleared browser cache. UI now rendering correctly across all browsers.,17-01-2026 10:36,Resolved,2
INCN398Y,Performance issues with Confluence,Application ERP experiencing slow response times. Page load taking 16 seconds. User productivity impacted.,Application,Critical,Updated CSS files and cleared browser cache. UI now rendering correctly across all browsers.,06-05-2025 10:36,Resolved,58
INCO625J,Integration failure between HRMS and Mail Service,Application CRM experiencing slow response times. Page load taking 37 seconds. User productivity impacted.,Application,Medium,Restarted database connection pool. Fixed connection string configuration and verified connectivity.,12-07-2025 10:36,Resolved,72
INCN117R,Data sync issues in Salesforce,Application CRM experiencing slow response times. Page load taking 34 seconds. User productivity impacted.,Application,High,Reset user credentials and cleared authentication cache. User successfully logged in.,17-08-2025 10:36,Closed,65
INCW653F,HRMS application error - [error_type],Application CRM experiencing slow response times. Page load taking 34 seconds. User productivity impacted.,Application,Critical,Updated CSS files and cleared browser cache. UI now rendering correctly across all browsers.,23-11-2025 10:36,Resolved,71
INCW646B,HRMS application error - [error_type],Application CRM experiencing slow response times. Page load taking 33 seconds. User productivity impacted.,Application,Low,Applied application patch to fix [feature] functionality. Feature now working as expected.,26-02-2026 10:36,Resolved,53
INCZ505A,Salesforce deployment failed,Application CRM experiencing slow response times. Page load taking 20 seconds. User productivity impacted.,Application,Medium,Updated CSS files and cleared browser cache. UI now rendering correctly across all browsers.,02-01-2026 10:36,Resolved,3
INCH825G,CRM UI rendering problems,Application Confluence experiencing slow response times. Page load taking 41 seconds. User productivity impacted.,Application,Critical,Reconfigured integration settings. Data exchange between ERP and Web Service restored.,17-10-2025 10:36,Resolved,61
INCG087H,Performance issues with CRM,Application Confluence experiencing slow response times. Page load taking 35 seconds. User productivity impacted.,Application,Low,Reset user credentials and cleared authentication cache. User successfully logged in.,02-11-2025 10:36,Closed,22
INCN520L,Jira UI rendering problems,API calls to Web Service timing out after 51 seconds. Jenkins dependent operations failing.,Application,Low,Updated CSS files and cleared browser cache. UI now rendering correctly across all browsers.,15-06-2025 10:36,Closed,4
INCT485I,User unable to login to Jira,API calls to Web Service timing out after 119 seconds. CRM dependent operations failing.,Application,High,Investigated deployment pipeline. Fixed configuration issue and successfully deployed version [version].,18-08-2025 10:36,Closed,32
INCO102Q,Feature not working in HRMS,API calls to Mail Service timing out after 82 seconds. HRMS dependent operations failing.,Application,Low,Addressed sync failure by clearing corrupted queue entries and restarting sync jobs. Verified data integrity across all synchronized records. Added error alerting.,04-10-2025 10:36,Resolved,20
INCB810G,Data sync issues in ERP,API calls to Mail Service timing out after 74 seconds. Salesforce dependent operations failing.,Application,Critical,Investigated deployment pipeline. Fixed configuration issue and successfully deployed version [version].,14-12-2025 10:36,Resolved,65
INCT763P,User unable to login to Jenkins,API calls to Mail Service timing out after 58 seconds. Jira dependent operations failing.,Application,Critical,Reconfigured integration settings. Data exchange between Jira and Mail Service restored.,01-05-2025 10:36,Resolved,13
INCG943T,Performance issues with HRMS,API calls to Mail Service timing out after 30 seconds. Salesforce dependent operations failing.,Application,Critical,Corrected data sync by resolving database connection timeout. Optimized sync batch size and increased connection pool. System now syncing normally.,10-04-2025 10:36,Resolved,51
INCF448R,API timeout in CRM,API calls to File Service timing out after 88 seconds. Jira dependent operations failing.,Application,Low,Fixed [error_type] by updating application configuration. Deployed hotfix and verified error resolution.,30-01-2026 10:36,Resolved,64
INCS968W,Performance issues with Jira,API calls to File Service timing out after 59 seconds. Confluence dependent operations failing.,Application,Critical,Increased API timeout values and optimized service calls. API response times now within acceptable range.,02-04-2025 10:36,Closed,70
INCN353X,Performance issues with Confluence,API calls to API Service timing out after 66 seconds. HRMS dependent operations failing.,Application,High,Reset user credentials and cleared authentication cache. User successfully logged in.,25-04-2025 10:36,Resolved,34
INCD051U,CRM UI rendering problems,API calls to API Service timing out after 43 seconds. HRMS dependent operations failing.,Application,High,Increased API timeout values and optimized service calls. API response times now within acceptable range.,03-10-2025 10:36,Closed,44
INCF499G,Data sync issues in CRM,API calls to API Service timing out after 105 seconds. Jenkins dependent operations failing.,Application,Medium,Restarted database connection pool. Fixed connection string configuration and verified connectivity.,01-08-2025 10:36,Closed,23
INCS199W,VPN connection issues for remote users,Antivirus software detected malware on workstation WS-005. File [filename] quarantined. User isolated.,Security,Medium,Applied critical security patch for CVE-[cve_id]. System vulnerability resolved and verified.,04-03-2026 10:36,Resolved,50
INCC290Q,Firewall rule review required,Antivirus software detected malware on workstation WS-005. File [filename] quarantined. User isolated.,Security,High,Applied critical security patch for CVE-[cve_id]. System vulnerability resolved and verified.,18-10-2025 10:36,Resolved,15
INCD692X,SSL certificate expiring for api.company.com,Antivirus software detected malware on workstation WS-005. File [filename] quarantined. User isolated.,Security,Low,Confirmed phishing attempt. Blocked sender and updated email filters. User security training scheduled.,20-10-2025 10:36,Closed,51
INCV773X,SSL certificate expiring for mail.company.com,Antivirus software detected malware on workstation WS-005. File [filename] quarantined. User isolated.,Security,Low,Disabled compromised account 29 and initiated password reset. Access logs reviewed.,16-03-2026 10:36,Closed,50
INCL090N,VPN connection issues for remote users,Antivirus software detected malware on workstation WS-005. File [filename] quarantined. User isolated.,Security,Medium,Fixed antivirus update service and deployed latest definitions to all 46 workstations.,08-03-2026 10:36,Closed,55
INCB744Z,Security patch deployment required,Antivirus software detected malware on workstation WS-005. File [filename] quarantined. User isolated.,Security,Medium,Restarted VPN authentication services. All remote users now able to connect successfully.,25-03-2025 10:36,Closed,60
INCH124G,Security patch deployment required,Antivirus software detected malware on workstation WS-005. File [filename] quarantined. User isolated.,Security,Critical,Restarted VPN authentication services. All remote users now able to connect successfully.,05-01-2026 10:36,Closed,54
INCG125E,Suspicious login attempts detected,Antivirus software detected malware on workstation WS-005. File [filename] quarantined. User isolated.,Security,Critical,Updated firewall rules to restrict [port] access to authorized sources only. Security posture improved.,25-11-2025 10:36,Resolved,69
INCA371J,Unauthorized access attempt on Active Directory,Antivirus software detected malware on workstation WS-004. File [filename] quarantined. User isolated.,Security,Medium,Confirmed phishing attempt. Blocked sender and updated email filters. User security training scheduled.,08-03-2026 10:36,Closed,48
INCK731C,Unauthorized access attempt on Oracle EBS,Antivirus software detected malware on workstation WS-004. File [filename] quarantined. User isolated.,Security,Medium,Updated firewall rules to restrict [port] access to authorized sources only. Security posture improved.,11-11-2025 10:36,Closed,33
INCS331A,Security patch deployment required,Antivirus software detected malware on workstation WS-004. File [filename] quarantined. User isolated.,Security,High,Updated firewall rules to restrict [port] access to authorized sources only. Security posture improved.,06-07-2025 10:36,Closed,52
INCP093Y,Firewall rule review required,Antivirus software detected malware on workstation WS-003. File [filename] quarantined. User isolated.,Security,High,Removed malware and ran full system scan. Workstation cleaned and monitoring enhanced.,28-04-2025 10:36,Resolved,14
INCO630A,Unauthorized access attempt on Office 365,Antivirus software detected malware on workstation WS-002. File [filename] quarantined. User isolated.,Security,High,Applied critical security patch for CVE-[cve_id]. System vulnerability resolved and verified.,12-11-2025 10:36,Resolved,48
INCS591H,Security patch deployment required,Antivirus software detected malware on workstation WS-002. File [filename] quarantined. User isolated.,Security,Critical,Blocked IP address [ip_address] and implemented account lockout policy. User account secured.,14-11-2025 10:36,Closed,28
INCR856A,Phishing email reported by user,Antivirus software detected malware on workstation WS-002. File [filename] quarantined. User isolated.,Security,Low,Confirmed phishing attempt. Blocked sender and updated email filters. User security training scheduled.,16-05-2025 10:36,Resolved,20
INCQ389O,Data breach investigation required,Antivirus software detected malware on workstation WS-002. File [filename] quarantined. User isolated.,Security,Low,Confirmed phishing attempt. Blocked sender and updated email filters. User security training scheduled.,23-12-2025 10:36,Resolved,57
INCL380O,Antivirus signature update failed,Antivirus software detected malware on workstation WS-002. File [filename] quarantined. User isolated.,Security,High,Disabled compromised account 11 and initiated password reset. Access logs reviewed.,09-06-2025 10:36,Resolved,54
INCB490M,Security patch deployment required,Antivirus software detected malware on workstation WS-002. File [filename] quarantined. User isolated.,Security,High,Renewed SSL certificate for api.company.com. Certificate installed and verified across all services.,10-08-2025 10:36,Resolved,42
INCO918F,Data breach investigation required,Antivirus software detected malware on workstation WS-001. File [filename] quarantined. User isolated.,Security,High,Confirmed phishing attempt. Blocked sender and updated email filters. User security training scheduled.,27-08-2025 10:36,Closed,7
INCK789E,Data breach investigation required,Antivirus definition update failed on 7 workstations. Systems vulnerable to latest threats.,Security,Medium,Disabled compromised account 16 and initiated password reset. Access logs reviewed.,09-02-2026 10:36,Resolved,37
INCV694S,Phishing email reported by user,Antivirus definition update failed on 50 workstations. Systems vulnerable to latest threats.,Security,High,Removed malware and ran full system scan. Workstation cleaned and monitoring enhanced.,02-05-2025 10:36,Closed,28
INCA965L,Phishing email reported by user,Antivirus definition update failed on 45 workstations. Systems vulnerable to latest threats.,Security,Low,Fixed antivirus update service and deployed latest definitions to all 42 workstations.,16-09-2025 10:36,Resolved,15
INCZ701M,SSL certificate expiring for api.company.com,Antivirus definition update failed on 44 workstations. Systems vulnerable to latest threats.,Security,High,Renewed SSL certificate for mail.company.com. Certificate installed and verified across all services.,06-04-2025 10:36,Resolved,21
INCR855X,Malware detected on workstation WS-005,Antivirus definition update failed on 39 workstations. Systems vulnerable to latest threats.,Security,Critical,Renewed SSL certificate for app.company.com. Certificate installed and verified across all services.,29-07-2025 10:36,Closed,1
INCP196H,VPN connection issues for remote users,Antivirus definition update failed on 38 workstations. Systems vulnerable to latest threats.,Security,Low,Fixed antivirus update service and deployed latest definitions to all 15 workstations.,24-11-2025 10:36,Resolved,48
INCV595L,Antivirus signature update failed,Antivirus definition update failed on 38 workstations. Systems vulnerable to latest threats.,Security,Medium,Restarted VPN authentication services. All remote users now able to connect successfully.,03-10-2025 10:36,Resolved,51
INCJ866C,Antivirus signature update failed,Antivirus definition update failed on 35 workstations. Systems vulnerable to latest threats.,Security,Critical,Blocked IP address [ip_address] and implemented account lockout policy. User account secured.,12-02-2026 10:36,Resolved,63
INCY762B,Suspicious login attempts detected,Antivirus definition update failed on 35 workstations. Systems vulnerable to latest threats.,Security,Critical,Removed malware and ran full system scan. Workstation cleaned and monitoring enhanced.,11-02-2026 10:36,Resolved,63
INCL865R,Firewall rule review required,Antivirus definition update failed on 35 workstations. Systems vulnerable to latest threats.,Security,Medium,Updated firewall rules to restrict [port] access to authorized sources only. Security posture improved.,15-04-2025 10:36,Closed,66
INCG640G,Data breach investigation required,Antivirus definition update failed on 34 workstations. Systems vulnerable to latest threats.,Security,Critical,Updated firewall rules to restrict [port] access to authorized sources only. Security posture improved.,08-11-2025 10:36,Resolved,63
INCL340R,Phishing email reported by user,Antivirus definition update failed on 31 workstations. Systems vulnerable to latest threats.,Security,Medium,Restarted VPN authentication services. All remote users now able to connect successfully.,07-08-2025 10:36,Closed,28
INCR738G,Security patch deployment required,Antivirus definition update failed on 23 workstations. Systems vulnerable to latest threats.,Security,High,Updated firewall rules to restrict [port] access to authorized sources only. Security posture improved.,25-11-2025 10:36,Resolved,38
INCX917B,Data breach investigation required,Antivirus definition update failed on 22 workstations. Systems vulnerable to latest threats.,Security,Critical,Confirmed phishing attempt. Blocked sender and updated email filters. User security training scheduled.,10-06-2025 10:36,Resolved,9
INCC969H,Security patch deployment required,Antivirus definition update failed on 20 workstations. Systems vulnerable to latest threats.,Security,Low,Confirmed phishing attempt. Blocked sender and updated email filters. User security training scheduled.,30-12-2025 10:36,Resolved,64
INCB293P,Unauthorized access attempt on Office 365,Antivirus definition update failed on 18 workstations. Systems vulnerable to latest threats.,Security,Critical,Contained potential breach. Conducted forensic analysis and implemented additional monitoring.,13-01-2026 10:36,Resolved,56
INCC452L,Data breach investigation required,Antivirus definition update failed on 14 workstations. Systems vulnerable to latest threats.,Security,High,Fixed antivirus update service and deployed latest definitions to all 41 workstations.,03-01-2026 10:36,Resolved,12
INCS535K,Antivirus signature update failed,Antivirus definition update failed on 14 workstations. Systems vulnerable to latest threats.,Security,High,Restarted VPN authentication services. All remote users now able to connect successfully.,02-10-2025 10:36,Resolved,16
INCR089S,Privileged account audit request,Annual role-based access review for [department]. 5 users need verification.,Access Management,Medium,Reset service account 41 password. Updated [dependent_services] service configurations.,14-07-2025 10:36,Resolved,13
INCQ038V,Group membership review for [group_name],Annual role-based access review for [department]. 49 users need verification.,Access Management,High,Granted temporary elevated permissions to mike.wilson. Automatic revocation scheduled for [date].,30-04-2025 10:36,Closed,34
INCU623Z,Access revocation for terminated employee,Annual role-based access review for [department]. 43 users need verification.,Access Management,Critical,Fixed SSO configuration for AWS Console. Identity provider integration restored successfully.,11-03-2026 10:36,Resolved,22
INCR120I,Account lockout for user mike.wilson,Annual role-based access review for [department]. 37 users need verification.,Access Management,High,Fixed SSO configuration for Office 365. Identity provider integration restored successfully.,21-02-2026 10:36,Resolved,52
INCL435X,Service account password reset,Annual role-based access review for [department]. 30 users need verification.,Access Management,Low,Granted temporary elevated permissions to sarah.johnson. Automatic revocation scheduled for [date].,09-12-2025 10:36,Resolved,9
INCW546E,Multi-factor authentication setup,Annual role-based access review for [department]. 28 users need verification.,Access Management,Medium,Configured MFA for john.doe using [device_type]. Authentication testing successful.,23-05-2025 10:36,Resolved,40
INCW925E,Permission escalation required for jane.smith,Annual role-based access review for [department]. 26 users need verification.,Access Management,Critical,Completed role-based access review for [department]. 38 access changes implemented.,23-01-2026 10:36,Resolved,8
INCE252X,Account lockout for user jane.smith,Annual role-based access review for [department]. 20 users need verification.,Access Management,Low,Unlocked account for john.doe after identity verification. Password reset completed successfully.,13-01-2026 10:36,Resolved,27
INCW437R,Group membership review for [group_name],Annual role-based access review for [department]. 17 users need verification.,Access Management,Medium,Reset service account 30 password. Updated [dependent_services] service configurations.,01-04-2025 10:36,Resolved,40
INCZ619E,Single sign-on configuration issue,Annual role-based access review for [department]. 13 users need verification.,Access Management,Medium,Completed [group_name] membership review. Removed 19 inactive members.,18-12-2025 10:36,Resolved,64
INCJ943K,Privileged account audit request,Annual role-based access review for [department]. 12 users need verification.,Access Management,Critical,Granted john.doe appropriate access to AWS Console based on role [role]. Manager approval verified.,01-02-2026 10:36,Resolved,70
INCY639Z,Single sign-on configuration issue,Annual role-based access review for [department]. 10 users need verification.,Access Management,Low,Completed role-based access review for [department]. 49 access changes implemented.,01-05-2025 10:36,Resolved,30
INCN138O,Multi-factor authentication setup,Annual role-based access review for [department]. 10 users need verification.,Access Management,Critical,Fixed SSO configuration for AWS Console. Identity provider integration restored successfully.,05-05-2025 10:36,Resolved,38
